methyl hydrogen carbonate	O=C(O)OC
(2S)-amino(phenyl)ethanoic acid	O=C(O)C(N)c1ccccc1
(2S,3S)-3-amino-2-hydroxy-4-phenylbutanoic acid	O=C(O)C(O)C(N)Cc1ccccc1
(4R)-5,5-dimethyl-1,3-thiazolidine-4-carboxylic acid	O=C(O)C1NCSC1(C)C
(2R)-3,3-dimethylbutan-2-amine	NC(C)C(C)(C)C
morpholin-4-ylacetic acid	O=C(O)CN1CCOCC1
5-[2-(1H-pyrrol-1-yl)ethoxy]-1H-indole	O(c1cc2c(cc1)ncc2)CCn3cccc3
3-[(R)-[(1R)-1-amino-2-phenylethyl](hydroxy)phosphoryl]propanoic acid	O=C(O)CCP(=O)(O)C(N)Cc1ccccc1
(2R,3S)-3-amino-2-hydroxy-4-phenylbutanoic acid	O=C(O)C(O)C(N)Cc1ccccc1
4-(aminomethyl)benzenecarboximidamide	[N@H]=C(c1ccc(cc1)CN)N
(4-chlorobenzene-1,2-diyl)dimethanamine	Clc1cc(c(cc1)CN)CN
(2S,3S)-3,7-diamino-2-hydroxyheptanoic acid	O=C(O)C(O)C(N)CCCCN
3-amino-6-carbamimidamido-3,4,5,6-tetradeoxy-L-erythro-hexonic acid	O=C(O)C(O)C(N)CCCNC(=[N@H])N
(1S,2R)-1-amino-2,3-dihydro-1H-inden-2-ol	OC2Cc1ccccc1C2N
1-[(4S,5S)-4-amino-5-hydroxy-5-(1,3-thiazol-2-yl)pentyl]guanidine	OC(c1nccs1)C(N)CCCNC(=[N@H])N
7-aminoheptanoic acid	O=C(O)CCCCCCN
1,3-thiazol-5-ylmethyl hydrogen carbonate	O=C(O)OCc1scnc1
(2S,3S,5S)-2,5-diamino-1,6-diphenylhexan-3-ol	OC(C(N)Cc1ccccc1)CC(N)Cc2ccccc2
2-nitro-N-(thiophen-3-ylmethyl)-4-(trifluoromethyl)aniline	FC(F)(F)c1ccc(c([N+]([O-])=O)c1)NCc2ccsc2
methyl{[2-(propan-2-yl)-1,3-thiazol-4-yl]methyl}carbamic acid	O=C(O)N(Cc1nc(sc1)C(C)C)C
4-Chlorophenacyl-coenzyme A	Clc1ccc(cc1)C(=O)CSCCNC(=O)CCNC(=O)C(O)C(C)(C)COP(=O)(O)OP(=O)(O)OCC4OC(n3cnc2c(ncnc23)N)C(O)C4OP(=O)(O)O
(2S,3R)-3-amino-2-hydroxy-4-phenylbutanoic acid	O=C(O)C(O)C(N)Cc1ccccc1
(4S)-4-amino-1,1,1,2,2-pentafluoro-5-(1H-indol-3-yl)pentan-3-one	FC(F)(F)C(F)(F)C(=O)C(N)Cc2c1ccccc1nc2
ethyl hydrogen carbonate	O=C(O)OCC
N-[(S)-hydroxy(morpholin-4-yl)methyl]-beta-phenyl-D-phenylalanine	O=C(O)C(NC(O)N1CCOCC1)C(c2ccccc2)c3ccccc3
[(1R)-1-amino-4-methoxybutyl]boronic acid	OB(O)C(N)CCCOC
(3S)-1-carbamimidoylpiperidine-3-carboxylic acid	O=C(O)C1CCCN(C(=[N@H])N)C1
N-(carboxymethyl)-3-cyclohexyl-D-alanine	O=C(O)C(NCC(=O)O)CC1CCCCC1
4-(aminomethyl)-1-methyl-1H-pyrrole-2-carboximidamide	[N@H]=C(c1cc(cn1C)CN)N
5-(aminomethyl)-1-methyl-1H-pyrrole-2-carboximidamide	[N@H]=C(c1ccc(n1C)CN)N
N-(pyridin-4-yl)ethane-1,2-diamine	n1ccc(NCCN)cc1
N-[(2R)-2-(hydroxycarbamoyl)-4-methylpentanoyl]-L-alanylglycinamide	O=C(N)CNC(=O)C(NC(=O)C(C(=O)NO)CC(C)C)C
1-(2,5-dichlorophenyl)methanamine	Clc1ccc(Cl)cc1CN
(2S)-2-ammonio-4-[(2,4-dinitrophenyl)amino]butanoate	[O-][N+](=O)c1ccc(NCCC(C([O-])=O)[NH3+])c(c1)[N+]([O-])=O
[2-(aminomethyl)-4-chlorophenoxy]acetic acid	Clc1cc(c(OCC(=O)O)cc1)CN
(cyclopentyloxy)acetic acid	O=C(O)COC1CCCC1
(cyclohexyloxy)acetic acid	O=C(O)COC1CCCCC1
N-(furan-2-ylmethyl)-2-nitro-4-(trifluoromethyl)aniline	FC(F)(F)c1ccc(c([N+]([O-])=O)c1)NCc2occc2
3-(trifluoromethyl)benzenesulfonic acid	FC(F)(F)c1cc(ccc1)S(=O)(=O)O
3-(piperazin-1-yl)propan-1-amine	N1CCN(CCCN)CC1
(1-HYDROXYHEPTANE-1,1-DIYL)BIS(PHOSPHONIC ACID)	O=P(O)(O)C(O)(CCCCCC)P(=O)(O)O
cis-4-(carbamimidamidomethyl)cyclohexanecarboxylic acid	O=C(O)C1CCC(CNC(=[N@H])N)CC1
(2S)-azetidine-2-carboxylic acid	O=C(O)C1NCC1
4-methoxy-2,3,6-trimethylbenzenesulfonic acid	O=S(=O)(O)c1c(c(c(OC)cc1C)C)C
2-(aminomethyl)-1,3-thiazole-4-carboximidamide	n1c(C(=[N@H])N)csc1CN
5-(aminomethyl)thiophene-2-carboximidamide	[N@H]=C(N)c1sc(cc1)CN
[(1S)-1-amino-4-methoxybutyl]phosphonic acid	O=P(O)(O)C(N)CCCOC
(3S,4E)-3-hydroxy-7-sulfanylhept-4-enoic acid	O=C(O)CC(O)/C=C/CCS
(2S,3S,5S)-2,5-diamino-6-phenyl-1-[4-(pyridin-3-yl)phenyl]hexan-3-ol	OC(CC(N)Cc1ccccc1)C(N)Cc3ccc(c2cccnc2)cc3
5-methyl-1,2-oxazole-3-carboxylic acid	O=C(O)c1noc(c1)C
1-aminocyclohexanecarboxylic acid	O=C(O)C1(N)CCCCC1
N-(2,2-dimethylpropyl)-L-asparagine	O=C(NCC(C)(C)C)CC(N)C(=O)O
1-(4-methylphenyl)methanamine	NCc1ccc(cc1)C
3-(3-tert-butyl-1,2,4-oxadiazol-5-yl)-L-alanine	O=C(O)C(N)Cc1nc(no1)C(C)(C)C
3-(2-methylphenyl)propanoic acid	O=C(O)CCc1ccccc1C
1-(2-chlorophenyl)methanamine	Clc1ccccc1CN
4-(benzyloxy)benzoic acid	O=C(O)c2ccc(OCc1ccccc1)cc2
1-(3-methylthiophen-2-yl)methanamine	s1c(c(cc1)C)CN
14-methylhexadec-9-enoic acid	O=C(O)CCCCCCC/C=C/CCCC(C)CC
(2S)-(3,4-dihydroxyphenyl)(methylamino)ethanoic acid	O=C(O)C(c1cc(O)c(O)cc1)NC
2-(2-methyl-1H-benzimidazol-1-yl)ethanamine	n2c1ccccc1n(c2C)CCN
(2S)-2-(propan-2-yl)butanedioic acid	O=C(O)C(CC(=O)O)C(C)C
4-amino-2-(phenylamino)-1,3-thiazole-5-carboxamide	O=C(c1sc(nc1N)Nc2ccccc2)N
(2S)-2,7-bis(phosphonooxy)heptanoic acid	O=C(O)C(OP(=O)(O)O)CCCCCOP(=O)(O)O
(2R)-2,7-bis(phosphonooxy)heptanoic acid	O=C(O)C(OP(=O)(O)O)CCCCCOP(=O)(O)O
(1S,3aR,6aS)-octahydrocyclopenta[c]pyrrole-1-carboxylic acid	O=C(O)C1NCC2CCCC12
(3S)-3-amino-N-cyclopropyl-2-oxohexanamide	O=C(C(=O)NC1CC1)C(N)CCC
1-aminocycloheptanecarboxylic acid	O=C(O)C1(N)CCCCCC1
(2S)-2-chloro-4-methylpentanoic acid	ClC(C(=O)O)CC(C)C
3-[4-(4-phenylthiophen-2-yl)phenyl]propanoic acid	O=C(O)CCc3ccc(c2scc(c1ccccc1)c2)cc3
N-(5-cyclopropyl-1H-pyrazol-3-yl)benzene-1,4-dicarboxamide	O=C(Nc1nnc(c1)C2CC2)c3ccc(C(=O)N)cc3
4-(aminomethyl)piperidine-1-carboximidamide	[N@H]=C(N)N1CCC(CN)CC1
methanesulfonic acid	O=S(=O)(O)C
(2R)-propane-1,1,2,3-tetrol	OCC(O)C(O)O
4-[(4-amino-5-benzoyl-1,3-thiazol-2-yl)amino]benzenesulfonamide	O=S(=O)(N)c3ccc(Nc1nc(c(s1)C(=O)c2ccccc2)N)cc3
4-(2-methylphenyl)-2,4-dioxobutanoic acid	O=C(c1ccccc1C)CC(=O)C(=O)O
2-(3-FLUORO-4-HYDROXYPHENYL)-7-VINYL-1,3-BENZOXAZOL-5-OL	Fc3c(O)ccc(c1nc2cc(O)cc(c2o1)\C=C)c3
4-(3-bromophenyl)-2,4-dioxobutanoic acid	O=C(c1cc(Br)ccc1)CC(=O)C(=O)O
1-CYCLOHEXYL-N-{[1-(4-METHYLPHENYL)-1H-INDOL-3-YL]METHYL}METHANAMINE	c1cccc2c1c(cn2c3ccc(cc3)C)CNCC4CCCCC4
2-(acetylamino)-4,5-anhydro-1,2-dideoxy-4-methyl-1-phenyl-D-xylitol	O=C(NC(C(O)C1(OC1)C)Cc2ccccc2)C
(2R,3R,4S)-4-amino-2,6-dimethylheptane-1,3-diol	OCC(C(O)C(N)CC(C)C)C
iodoacetic acid	ICC(=O)O
(3S)-3-(aminomethyl)piperidine-1-carboximidamide	[N@H]=C(N)N1CCCC(CN)C1
5-(morpholin-4-ylsulfonyl)-2-{[3-(octyloxy)benzyl]oxy}benzoic acid	O=S(=O)(N1CCOCC1)c3cc(C(=O)O)c(OCc2cccc(OCCCCCCCC)c2)cc3
2-amino-2-deoxy-4,6-O-(phenylmethylidene)-alpha-D-glucopyranose	O1C(O)C(N)C(O)C2OC(OCC12)c3ccccc3
(3R)-3-(hydroxymethyl)piperidine-1-carboximidamide	[N@H]=C(N)N1CCCC(CO)C1
[3-(trifluoromethyl)-4,5,6,7-tetrahydro-1H-indazol-1-yl]acetic acid	FC(F)(F)c1nn(c2c1CCCC2)CC(=O)O
(3R)-pyrrolidin-3-amine	NC1CCNC1
N-(4-{[4-(methylsulfonyl)-2-nitrophenyl]amino}phenyl)acetamide	O=S(=O)(c2cc(c(Nc1ccc(NC(=O)C)cc1)cc2)[N+]([O-])=O)C
azanylidene-[(3S,5S)-5-carboxypyrrolidin-3-yl]imino-azanium	O=C(O)C1NCC(/N=[N+]=[N@H])C1
(2S)-pyrrolidine-2-carboximidic acid	[N@H]=C(O)C1NCCC1
2-{[3-(decyloxy)benzyl]oxy}-5-nitrobenzoic acid	[O-][N+](=O)c2ccc(OCc1cccc(OCCCCCCCCCC)c1)c(c2)C(=O)O
N-cyclopropyl-1-(4-phenylpyridin-3-yl)piperidine-4-carboxamide	O=C(NC1CC1)C1CCN(CC1)c1cnccc1c1ccccc1
3-[(2,4-DICHLOROPHENYL)METHYLSULFANYLMETHYL]BENZOIC ACID	Clc1cc(Cl)ccc1CSCc2cccc(C(=O)O)c2
1-benzyl-5-chloro-3-(2-fluorophenyl)-1H-indole-2-carboxylic acid	Fc4ccccc4c2c1cc(Cl)ccc1n(c2C(=O)O)Cc3ccccc3
heptyl 1-seleno-beta-D-glucopyranoside	[Se](CCCCCCC)C1OC(C(O)C(O)C1O)CO
(3R,4R)-4-hydroxy-3-methyl-L-proline	O=C(O)C1NCC(O)C1C
(2S)-2-amino-3-[4-(trifluoromethoxy)phenyl]propanal	FC(F)(F)Oc1ccc(cc1)CC(N)C(=O)O
2-(3,4-dichlorophenyl)ethanoic acid	Clc1ccc(cc1Cl)CC(=O)O
1-[4-(aminomethyl)cyclohexyl]guanidine	[N@H]=C(N)NC1CCC(CC1)CN
(3S,4S)-4-azanyl-2,6-dimethyl-heptan-3-ol	CC(C)C[C@H](N)[C@@H](O)C(C)C
(2R,3S,4S)-4-azanyl-2,6-dimethyl-heptane-1,3-diol	CC(C)C[C@H](N)[C@@H](O)[C@H](C)CO
~{N}-[1-(2-pyridin-2-ylethyl)benzimidazol-2-yl]propanamide	CCC(=O)Nc1nc2ccccc2n1CCc3ccccn3
p-(4-ruthenocenyl-1H-1,2,3-triazol-1-yl)benzenesulfonamide	O=S9(=O)N
3-bromo-2,6-dimethoxybenzoic acid	Brc1ccc(OC)c(c1OC)C(=O)O
1-[(2~{S})-2-(4-methoxyphenyl)pyrrolidin-1-yl]propan-1-one	CCC(=O)N1CCC[C@H]1c2ccc(OC)cc2
D-myo-inositol 1,4,6-trisphosphate	O[C@H]1[C@@H](O)[C@@H](O[P](O)(O)=O)[C@H](O[P](O)(O)=O)[C@@H](O)[C@@H]1O[P](O)(O)=O
2,6-bis(chloranyl)-7H-purine	Clc1nc(Cl)c2[nH]cnc2n1
Betulinic acid	CC(=C)[C@@H]1CC[C@@]2(CC[C@]3(C)[C@H](CC[C@@H]4[C@@]5(C)CC[C@H](O)C(C)(C)[C@@H]5CC[C@@]34C)[C@@H]12)C(O)=O
4-[2-(propylamino)imidazo[2,1-b][1,3,4]thiadiazol-5-yl]phenol	CCCNc1sc2ncc(n2n1)c3ccc(O)cc3
D-phenylalanyl-N-[(1-methylpyridinium-4-yl)methyl]-L-prolinamide	O=C(NCc1cc[n+](cc1)C)C3N(C(=O)C(N)Cc2ccccc2)CCC3
2-[4-(trifluoromethyl)phenyl]-3H-quinazolin-4-one	FC(F)(F)c1ccc(cc1)C2=Nc3ccccc3C(=O)N2
2-phenoxyethanoic acid	O=C(O)COc1ccccc1
{4-amino-2-[(3-fluorophenyl)amino]-1,3-thiazol-5-yl}(phenyl)methanone	Fc3cc(Nc1nc(c(s1)C(=O)c2ccccc2)N)ccc3
[PROPYLAMINO-3-HYDROXY-BUTAN-1,4-DIONYL]-ISOLEUCYL-PROLINE	O=C(N1C(C(=O)O)CCC1)C(NC(=O)CC(O)C(=O)NCCC)C(C)CC
(3S)-5-biphenyl-4-yl-3-hydroxypentanoic acid	O=C(O)CC(O)CCc1ccc(cc1)c2ccccc2
(2R,3R,4R,5S)-3,5-bis(azanyl)-1,6-diphenyl-hexane-2,4-diol	OC(Cc1ccccc1)C(N)C(O)C(N)Cc2ccccc2
dimethyl (1S,2S,4S,5S)-4,5-dihydroxycyclohexane-1,2-dicarboxylate	O=C(OC)C1CC(O)C(O)CC1C(=O)OC
2-methylsulfanyl-10-nitro-pyrido[3,4-g]quinazoline	CSc1ncc2cc3cnccc3c(c2n1)[N+]([O-])=O
Trans-Geranyl BACTERIOCHLOROPHYLL A	CCc1c(C)c2C=C3N=C(C=C4[N@]5[Mg]n2c1C=C6N=C7C(=C5C(=C4C)CCC(=O)OC\C=C(/C)CC\C=C(C)\CC/C=C(C)/CCC=C(C)C)[C@@H](C(=O)OC)C(=O)C7=C6C)C(=C3C(C)=O)C
(3S)-3-hydroxybutyl beta-D-xylopyranoside	O(CCC(O)C)C1OCC(O)C(O)C1O
Spliceostatin E (form I)	C[C@H]1C[C@@H](NC(=O)\C=C/[C@H](C)OC(C)=O)[C@@H](C)O[C@H]1C/C=C(C)/C=C/[C@@H]2CC(=CC(=O)O2)C
S-[(2S)-2-phenylpropanoyl]-L-cysteine	O=C(O)C(N)CSC(=O)C(c1ccccc1)C
1-[(3-hydroxyphenyl)methyl]-3-(4-pyridin-4-yl-1,3-thiazol-2-yl)urea	Oc1cccc(CNC(=O)Nc2scc(n2)c3ccncc3)c1
(5R)-2-methyl-5-(prop-1-en-2-yl)cyclohex-2-en-1-one	O=C1C(=CCC(C(=C)\C)C1)C
(2S,3R,4R,5R)-2-(hydroxymethyl)-5-(4-nitrophenoxy)oxolane-3,4-diol	OC[C@@H]1O[C@H](Oc2ccc(cc2)[N+]([O-])=O)[C@H](O)[C@H]1O
2-(4-methoxyphenyl)-3,4-dihydroquinazolin-4-one	O=C2c3ccccc3N=C(c1ccc(OC)cc1)N2
Trans-Geranyl BACTERIOPHEOPHYTIN A	CCc1c(C)c2[nH]c1cc3nc4c([C@@H](C(=O)OC)C(=O)c4c3C)c5[nH]c(cc6nc(c2)c(C(C)=O)c6C)c(C)c5CCC(=O)OC\C=C(/C)CC\C=C(C)\CC\C=C(/C)CCC=C(C)C
N~5~-(pyrazin-2-ylcarbonyl)-L-ornithine	O=C(NCCCC(C(=O)O)N)c1nccnc1
(Z)-docos-13-enoic acid	CCCCCCCC\C=C/CCCCCCCCCCCC(O)=O
N-(carboxycarbonyl)-D-cysteine	O=C(C(=O)O)NC(C(=O)O)CS
5'-O-{(S)-hydroxy[(2-sulfanylethyl)amino]phosphoryl}thymidine	O=P(O)(OCC2OC(N1C(=O)NC(=O)C(=C1)C)CC2O)NCCS
4-{[4-amino-5-(pyridin-3-ylcarbonyl)-1,3-thiazol-2-yl]amino}benzamide	O=C(N)c3ccc(Nc1nc(c(s1)C(=O)c2cccnc2)N)cc3
(3S)-spiro[indole-3,3'-pyrrolidin]-2(1H)-one	O=C2Nc1c(cccc1)C23CCNC3
(3S,5R)-3,5-bis(6-bromo-1H-indol-3-yl)piperazin-2-one	Brc1cc2c(cc1)c(cn2)C5C(=O)NCC(c3cnc4cc(Br)ccc34)N5
1-(pyridin-3-yl)-1,4-diazepane	n1cc(ccc1)N2CCCNCC2
1-(5-ethoxypyridin-3-yl)-1,4-diazepane	O(c1cc(cnc1)N2CCCNCC2)CC
1-(5-phenylpyridin-3-yl)-1,4-diazepane	n2cc(cc(c1ccccc1)c2)N3CCCNCC3
1-(6-bromopyridin-3-yl)-1,4-diazepane	Brc1ncc(cc1)N2CCCNCC2
1-(6-bromo-5-ethoxypyridin-3-yl)-1,4-diazepane	Brc1ncc(cc1OCC)N2CCCNCC2
1-(3,4-dichlorobenzyl)-5,6-dimethyl-1H-benzimidazole	Clc1ccc(cc1Cl)Cn2c3cc(c(cc3nc2)C)C
(methoxymethyl)cyclopropane	cyclopropylmethyl
L-ADENOSINE-5'-MONOPHOSPHATE	O=P(O)(O)OCC3OC(n2cnc1c(ncnc12)N)C(O)C3O
2-methyl-L-aspartic acid	O=C(O)CC(N)(C(=O)O)C
[(1R)-1,5-diaminopentyl][bis(ethanolato)]hydroxyborate(1-)	O[B-](OCC)(OCC)C(N)CCCCN
4-bromobutanoic acid	OC(=O)CCCBr
(3R)-4-ethoxy-3-hydroxy-4-oxobutanoic acid	O=C(O)CC(O)C(=O)OCC
2-(carboxymethyl)benzoic acid	O=C(O)Cc1ccccc1C(=O)O
S-[(2-chloroethyl)carbamoyl]-L-cysteine	O=C(O)C(N)CSC(=O)NCCCl
methyl L-phenylalaninate	O=C(OC)C(N)Cc1ccccc1
methyl L-valinate	O=C(OC)C(N)C(C)C
(3S,4S)-3-amino-4-methyl-3,4-dihydro-2H-pyran-2-one	O=C1OC=CC(C)C1N
(4S,5S)-5-amino-4-hydroxy-6-phenylhexanoic acid	O=C(O)CCC(O)C(N)Cc1ccccc1
N-(ethoxycarbonyl)-L-leucine	O=C(OCC)NC(C(=O)O)CC(C)C
O-(bromoacetyl)-L-serine	BrCC(=O)OCC(C(=O)O)N
methyl 2-(acetylamino)-2-deoxy-alpha-D-galactopyranosiduronic acid	O=C(O)C1OC(OC)C(NC(=O)C)C(O)C1O
(1R)-1-(ethylsulfanyl)-1-(methylsulfanyl)ethane	S(C)C(SCC)C
(2S)-2-amino-4-(2-chloroethoxy)-4-oxobutanoic acid	O=C(OCCCl)CC(N)C(=O)O
(2S)-2-amino-3-naphthalen-1-ylpropanal	O=CC(N)Cc2cccc1ccccc12
N-[N-[(4S)-4-azanyl-5-hydroxy-5-oxo-pentyl]carbamimidoyl]ethanamide	O=C(O)C(N)CCCNC(=[N@H])NC(=O)C
asiatic acid	O=C(O)C54C(C3=CCC1C(CCC2C1(C)CC(O)C(O)C2(C)CO)(C)C3(C)CC4)C(C)C(C)CC5
2-(acetylamino)-2-deoxy-6-O-phosphono-alpha-D-glucopyranose	O=P(O)(O)OCC1OC(O)C(NC(=O)C)C(O)C1O
diethyl [(1R)-1,5-diaminopentyl]boronate	O(B(OCC)C(N)CCCCN)CC
(4R)-4-hydroxy-D-proline	N1CC(CC1C(O)=O)O
(2S,4R)-2-amino-1-cyclohexyl-5-hydroxy-4-methylpentan-3-one	O=C(C(N)CC1CCCCC1)C(C)CO
2,2'-bipyridine	n2c(c1ccccn1)cccc2
5-(1H-benzimidazol-2-yl)-2,4-dihydro-3H-1,2,4-triazol-3-one	O=C1NC(=NN1)c1[NH]c2ccccc2n1
(4beta,8alpha,9R)-6'-methoxy-10,11-dihydrocinchonan-9-ol	O(c4cc1c(nccc1C(O)C2N3CCC(C2)C(CC)C3)cc4)C
methyl 3-[(3-methoxybenzoyl)amino]-4-(4-methylpiperazin-1-yl)benzoate	O=C(OC)c2ccc(c(NC(=O)c1cccc(OC)c1)c2)N3CCN(C)CC3
4-{[4-(phenylamino)pyrimidin-2-yl]amino}benzoic acid	O=C(O)c1ccc(cc1)Nc2nc(ccn2)Nc3ccccc3
4-({4-[(2-chlorophenyl)amino]pyrimidin-2-yl}amino)benzoic acid	O=C(O)c1ccc(cc1)Nc2nc(ccn2)Nc3ccccc3Cl
4-({4-[(2-fluorophenyl)amino]pyrimidin-2-yl}amino)benzoic acid	O=C(O)c1ccc(cc1)Nc2nc(ccn2)Nc3ccccc3F
L-CYTIDINE-5'-MONOPHOSPHATE	O=C1N=C(N)C=CN1C2OC(C(O)C2O)COP(=O)(O)O
4-{[4-(biphenyl-2-ylamino)pyrimidin-2-yl]amino}benzoic acid	O=C(O)c1ccc(cc1)Nc2nc(ccn2)Nc4ccccc4c3ccccc3
4-({4-[(2-bromophenyl)amino]pyrimidin-2-yl}amino)benzoic acid	O=C(O)c1ccc(cc1)Nc2nc(ccn2)Nc3ccccc3Br
4-({4-[(2-cyanophenyl)amino]pyrimidin-2-yl}amino)benzoic acid	O=C(O)c1ccc(cc1)Nc2nc(ccn2)Nc3ccccc3C#N
2-({2-[(4-carboxyphenyl)amino]pyrimidin-4-yl}amino)benzoic acid	O=C(O)c1ccccc1Nc2nc(ncc2)Nc3ccc(C(=O)O)cc3
Andiconin D	CC1(C)[C@@H]2CC[C@@]34C[C@@]5(C)C=C6C(=O)OC[C@@]36[C@@](C)(C[C@H]4[C@@]2(C)C=CC1=O)C5=O
prop-2-yn-1-yl trihydrogen diphosphate	O=P(O)(O)OP(=O)(OCC#C)O
4-hydroxybutyl trihydrogen diphosphate	O=P(O)(O)OP(=O)(OCCCCO)O
4-oxopentyl trihydrogen diphosphate	O=P(O)(O)OP(=O)(OCCCC(=O)C)O
4-[1-cyclohexyl-4-(4-fluorophenyl)-1H-imidazol-5-yl]pyrimidin-2-amine	Fc4ccc(c1ncn(c1c2nc(ncc2)N)C3CCCCC3)cc4
but-2-yn-1-yl trihydrogen diphosphate	O=P(O)(O)OP(=O)(OCC#CC)O
buta-2,3-dien-1-yl trihydrogen diphosphate	O=P(O)(O)OP(=O)(OC\C=C=C)O
3-[(S)-HYDROPEROXYSULFINYL]-L-ALANINE	O=C(O)C(N)CS(=O)OO
6-methoxy-3,8-dimethyl-4-(piperazin-1-yl)-1H-pyrazolo[3,4-b]quinoline	n2c1c(cc(OC)cc1c(c3c2nnc3C)N4CCNCC4)C
4,4'-(1,1,1,3,3,3-hexafluoropropane-2,2-diyl)diphenol	FC(F)(F)C(c1ccc(O)cc1)(c2ccc(O)cc2)C(F)(F)F
4,4'-(2,2-dichloroethene-1,1-diyl)diphenol	Cl/C(Cl)=C(/c1ccc(O)cc1)c2ccc(O)cc2
(4R,4'S)-4,4'-diphenyl-4,4'-biimidazolidine-2,2',5,5'-tetrone	O=C2NC(=O)NC2(c1ccccc1)C3(C(=O)NC(=O)N3)c4ccccc4
N-[(2S)-2-benzyl-3-sulfanylpropanoyl]-L-alanylglycinamide	O=C(N)CNC(=O)C(NC(=O)C(CS)Cc1ccccc1)C
1-methyl-6-phenyl-1,3-dihydro-2H-imidazo[4,5-b]pyridin-2-one	O=C2Nc1ncc(cc1N2C)c3ccccc3
3-(1-methyl-2-oxo-2,3-dihydro-1H-imidazo[4,5-b]pyridin-6-yl)benzamide	O=C(N)c3cccc(c1cc2c(nc1)NC(=O)N2C)c3
5'-deoxy-5'-fluorothymidine	O=C1NC(=O)N(C=C1C)C2OC(C(O)C2)CF
(2S,3R)-2-azanyl-3-methyl-3-oxidanyl-pentanoic acid	O=C(O)C(N)C(O)(C)CC
(betaR)-beta,3-dihydroxy-N-methyl-L-tyrosine	O=C(O)C(NC)C(O)c1cc(O)c(O)cc1
6,7-dimethoxy-2-(piperazin-1-yl)quinazolin-4-amine	n1c(N)c3c(nc1N2CCNCC2)cc(OC)c(OC)c3
(2R)-2-amino-2-methylnonanoic acid	O=C(O)C(N)(CCCCCCC)C
3,6-dichloro-1-benzothiophene-2-carboxylic acid	O=C(O)c2sc1cc(Cl)ccc1c2Cl
4-(sulfamoylamino)benzenesulfonamide	O=S(=O)(N)c1ccc(NS(=O)(=O)N)cc1
4-chloro-2-(1H-pyrazol-3-yl)phenol	Clc2ccc(O)c(c1nncc1)c2
D-leucyl-N-(4-fluorobenzyl)-L-phenylalaninamide	Fc1ccc(cc1)CNC(=O)C(NC(=O)C(N)CC(C)C)Cc2ccccc2
phenacyl coenzyme A	O=C(c1ccccc1)CSCCNC(=O)CCNC(=O)C(O)C(C)(C)COP(=O)(O)OP(=O)(O)OCC4OC(n3cnc2c(ncnc23)N)C(O)C4OP(=O)(O)O
furan-2-yl(1H-indol-3-yl)methanone	O=C(c1cnc2ccccc12)c3occc3
(5Z)-5-[3-(trifluoromethyl)benzylidene]-1,3-thiazolidine-2,4-dione	O=C1C(\SC(=O)N1)=C\c2cccc(c2)C(F)(F)F
2,5,6-triaminopyrimidin-4-ol	n1c(N)c(N)c(O)nc1N
(2Z)-2-fluoro-3,7-dimethylocta-2,6-dien-1-yl trihydrogen diphosphate	O=P(O)(O)OP(=O)(OCC(\F)=C(/C)CC\C=C(/C)C)O
4-(6-methoxy-3,4-dihydroisoquinolin-1-yl)benzenesulfonamide	O=S(=O)(N)c3ccc(C1=NCCc2cc(OC)ccc12)cc3
L-GUANOSINE-5'-MONOPHOSPHATE	O=C1c2ncn(c2N=C(N)N1)C3OC(C(O)C3O)COP(=O)(O)O
N~5~-(3-iodobenzoyl)-L-ornithine	O=C(c1cc(I)ccc1)NCCCC(C(=O)O)N
3-{[(1Z)-1-carboxyprop-1-en-1-yl]oxy}-2-hydroxybenzoic acid	O=C(O)c1cccc(O/C(C(=O)O)=C\C)c1O
4-bromo-3-methylbenzoic acid	Brc1ccc(C(=O)O)cc1C
3-{[(4-hydroxy-3-methoxyphenyl)acetyl]amino}-D-alanine	O=C(O)C(N)CNC(=O)Cc1cc(OC)c(O)cc1
N-(furan-2-ylcarbonyl)-L-leucyl-L-tryptophan	O=C(NC(C(=O)NC(C(=O)O)Cc2c1ccccc1nc2)CC(C)C)c3occc3
(3beta,8alpha,9beta)-3-hydroxycholest-5-en-7-one	O=C1C=C4C(C3C1C2C(C(C(C)CCCC(C)C)CC2)(C)CC3)(CCC(O)C4)C
5-(1-ethoxyisoquinolin-3-yl)-2,4-dihydro-3H-1,2,4-triazol-3-one	CCOc1nc(cc2ccccc12)C=1NC(=O)NN=1
(1E,3Z)-4-hydroxybuta-1,3-diene-1,2,4-tricarboxylic acid	O=C(O)C(\O)=C\C(\C(=O)O)=C/C(=O)O
2-oxo-2H-pyran-4,6-dicarboxylic acid	O=C1OC(=CC(C(=O)O)=C1)C(=O)O
6-methoxy-N-(1-methyl-1H-pyrazol-3-yl)quinazolin-4-amine	n2c(Nc1nn(cc1)C)c3cc(OC)ccc3nc2
(3R)-1-azabicyclo[2.2.2]oct-3-yl[bis(5-chlorothiophen-2-yl)]methanol	Clc1sc(cc1)C(O)(c2sc(Cl)cc2)C4C3CCN(CC3)C4
2-[(4-methoxybenzyl)amino]ethanesulfonic acid	O=S(=O)(O)CCNCc1ccc(OC)cc1
1-(1H-indazol-5-yl)-3-(2-phenylethyl)urea	O=C(NCCc1ccccc1)Nc2cc3c(cc2)nnc3
1,3-benzodioxole-5-carboxylic acid	O=C(O)c1ccc2OCOc2c1
2,1,3-benzothiadiazole-5-carboxylic acid	O=C(O)c1ccc2nsnc2c1
3-[(4-nitronaphthalen-1-yl)amino]benzoic acid	[O-][N+](=O)c1c3c(c(cc1)Nc2cc(ccc2)C(=O)O)cccc3
N-[(3S)-4-ethoxy-3-hydroxy-4-oxobutanoyl]-L-isoleucyl-L-proline	O=C(NC(C(=O)N1C(C(=O)O)CCC1)C(C)CC)C2OC2C(=O)OCC
Andilesin C	CC1(C)OC(=O)C=C[C@@]2(C)[C@H]1CC[C@@]34C[C@@]5(C)C[C@@H]6C(=O)OC[C@@]36[C@@](C)(C[C@@H]24)C5=O
1-phenyl-5-(trifluoromethyl)pyrazole-4-carboxylic acid	OC(=O)c1cnn(c2ccccc2)c1C(F)(F)F
7-(pyridin-3-ylmethyl)quinolin-8-ol	Oc1c(ccc2cccnc12)Cc3cccnc3
Terretonin C	C[C@@H]1OC(=O)[C@H]2[C@@](C)(C(=C)C[C@@]3(O)[C@]4(C)CCC(=O)C(C)(C)C4=C(O)C(=O)[C@]23C)C1=O
N-[3-(1H-tetrazol-5-yl)phenyl]-2H-indazole-5-carboxamide	O=C(c2ccc1nncc1c2)Nc3cccc(c3)c4nnnn4
3-(pyrimidin-2-yl)-N-[3-(1H-tetrazol-5-yl)phenyl]benzamide	O=C(c2cccc(c1ncccn1)c2)Nc3cccc(c3)c4nnnn4
1-tert-butyl-3-(naphthalen-1-yl)-1H-pyrazolo[3,4-d]pyrimidin-4-amine	n1c(c2c(nc1)n(nc2c4c3ccccc3ccc4)C(C)(C)C)N
N-[3-(1H-tetrazol-5-yl)phenyl]-1H-benzimidazole-7-carboxamide	O=C(c2cccc1ncnc12)Nc3cccc(c3)c4nnnn4
Di-mu-iodobis(ethylenediamine)diplatinum(II)	[Pt+]12(NCCN1)I[Pt+]3(I2)NCCN3
(2S)-2,3-dihydro-1,4-benzodioxine-2-carboxylic acid	O=C(O)C1Oc2ccccc2OC1
5-methyl-1-phenyl-1,2,3-triazole-4-carboxylic acid	Cc1n(nnc1C(O)=O)c2ccccc2
(4R)-4-amino-5-methylhexanoic acid	O=C(O)CCC(N)C(C)C
(4S,5Z)-4-amino-5-iminopentanamide	O=C(N)CCC(C=[N@H])N
(3E)-4-hydroxybut-3-en-1-yl trihydrogen diphosphate	O=P(O)(O)OP(=O)(OCC\C=C\O)O
4-oxobutyl trihydrogen diphosphate	O=P(O)(O)OP(=O)(OCCCC=O)O
2-(4-methylphenyl)-1,3-thiazole-4-carboxylic acid	O=C(O)c1nc(sc1)c2ccc(cc2)C
SILVER/IRON/SULFUR CLUSTER	S1[Fe]S[Fe]1.S2[Fe]S[Ag]2
{2-[2-(cyclopentylamino)-2-oxoethoxy]phenyl}phosphonic acid	O=C(NC1CCCC1)COc2ccccc2P(=O)(O)O
{2-[2-(cyclohexylamino)-2-oxoethoxy]phenyl}phosphonic acid	O=C(NC1CCCCC1)COc2ccccc2P(=O)(O)O
(2-{2-[(2,3-dichlorophenyl)amino]-2-oxoethoxy}phenyl)phosphonic acid	Clc2c(NC(=O)COc1ccccc1P(=O)(O)O)cccc2Cl
(2E)-2-imino-3-methyl-5,5-diphenylimidazolidin-4-one	O=C2N(C(=[N@H])NC2(c1ccccc1)c3ccccc3)C
3-[(2R)-2-ethoxypropyl]-2-thioxo-1,2,3,9-tetrahydro-6H-purin-6-one	O=C2c1ncnc1N(C(=S)N2)CC(OCC)C
hexanedioic acid	O=C(O)CCCCC(=O)O
2'-bromo-6'-(furan-3-yl)-4'-(hydroxymethyl)biphenyl-4-ol	Brc1cc(cc(c1c2ccc(O)cc2)c3ccoc3)CO
(2S)-2-(6-chloro-9H-carbazol-2-yl)propanoic acid	O=C(O)C(c3ccc2c1cc(Cl)ccc1nc2c3)C
(4R)-4-(4-phenylbutoxy)-L-proline	O=C(O)C2NCC(OCCCCc1ccccc1)C2
2-(1H-indol-1-yl)ethanamine	c1cccc2c1ccn2CCN
5-phenylpyridine-3-carboxylic acid	O=C(O)c2cc(c1ccccc1)cnc2
(3R,4R)-3-(naphthalen-2-ylmethoxy)-4-phenylpiperidine	O(Cc2cc1ccccc1cc2)C4C(c3ccccc3)CCNC4
N-{[(3S,4S)-4-benzylpyrrolidin-3-yl]methyl}-4-chloro-N-phenylaniline	Clc1ccc(cc1)N(c2ccccc2)CC3C(CNC3)Cc4ccccc4
(2S)-1-(pyrrolidin-1-yl)-3-(9H-thioxanthen-9-yl)propan-2-ol	OC(CN1CCCC1)CC3c4c(Sc2c3cccc2)cccc4
(2,2-dimethyl-2,3-dihydro-1-benzofuran-7-yl)methanol	OCc2cccc1c2OC(C1)(C)C
(2R)-1-(pyrrolidin-1-yl)-3-(9H-thioxanthen-9-yl)propan-2-ol	OC(CN1CCCC1)CC3c4c(Sc2c3cccc2)cccc4
N-(4-bromophenyl)-N'-(2,2,6,6-tetramethylpiperidin-4-yl)ethanediamide	Brc1ccc(cc1)NC(=O)C(=O)NC2CC(NC(C)(C)C2)(C)C
[2-(pentylamino)ethane-1,1-diyl]bis(phosphonic acid)	O=P(O)(O)C(CNCCCCC)P(=O)(O)O
[2-(heptylamino)ethane-1,1-diyl]bis(phosphonic acid)	O=P(O)(O)C(CNCCCCCCC)P(=O)(O)O
[2-(propylamino)ethane-1,1-diyl]bis(phosphonic acid)	O=P(O)(O)C(CNCCC)P(=O)(O)O
maslinic acid	O=C(O)C54C=CC(C)(C)CC5C3=CCC1C(CCC2C1(C)CC(O)C(O)C2(C)C)(C)C3(C)CC4
1-(3-PHENYL-1,2,4-THIADIAZOL-5-YL)-1,4-DIAZEPANE	n1c(snc1c2ccccc2)N3CCCNCC3
(3S)-N-(9H-xanthen-9-ylmethyl)piperidine-3-carboxamide	O=C(NCC2c3c(Oc1c2cccc1)cccc3)C4CCCNC4
amino{[(4S)-4-amino-5-carboxy-5-oxopentyl]amino}methaniminium	O=C(C(=O)O)C(N)CCCNC(=[NH2+])\N
(2S,3S)-3-amino-2-hydroxy-N-(4-iodobenzyl)butanamide	Ic1ccc(cc1)CNC(=O)C(O)C(N)C
N-[4-(1,3-benzothiazol-2-yl)phenyl]-2-(3-methoxyphenoxy)acetamide	O=C(Nc3ccc(c1nc2ccccc2s1)cc3)COc4cccc(OC)c4
(4R)-4-(3-butoxy-4-methoxybenzyl)imidazolidin-2-one	O=C1NCC(N1)Cc2cc(OCCCC)c(OC)cc2
[2-(cyclohexylamino)ethane-1,1-diyl]bisphosphonic acid	O[P](O)(=O)C(CNC1CCCCC1)[P](O)(O)=O
[2-(hexylamino)ethane-1,1-diyl]bis(phosphonic acid)	O=P(O)(O)C(CNCCCCCC)P(=O)(O)O
N-[4-(3-amino-1H-indazol-5-yl)phenyl]-3-chlorobenzenesulfonamide	Clc1cccc(c1)S(=O)(=O)Nc4ccc(c2cc3c(cc2)nnc3N)cc4
3-({[(dihydroxyboranyl)methyl]sulfamoyl}methyl)benzoic acid	O=S(=O)(NCB(O)O)Cc1cccc(c1)C(=O)O
[({[4-(1H-tetrazol-5-yl)phenyl]sulfonyl}amino)methyl]boronic acid	O=S(=O)(c2ccc(c1nnnn1)cc2)NCB(O)O
N-{4-[(7-hydroxy-6-methoxyquinazolin-4-yl)amino]phenyl}benzamide	O=C(c1ccccc1)Nc2ccc(cc2)Nc4ncnc3c4cc(OC)c(O)c3
2-hydroxyisoquinoline-1,3(2H,4H)-dione	O=C2c1c(cccc1)CC(=O)N2O
({[(chloromethyl)sulfonyl]amino}methyl)boronic acid	ClCS(=O)(=O)NCB(O)O
Aurachin D	CC(C)=CCCC(/C)=C/CCC(/C)=C\CC1=C(C)Nc2ccccc2C1=O
2-(2-fluorophenyl)-6-methoxy-1,3-benzothiazole	Fc3ccccc3c1nc2ccc(OC)cc2s1
6,7,8-trimethoxy-N-(pentan-3-yl)quinazolin-4-amine	n2c1c(cc(OC)c(OC)c1OC)c(nc2)NC(CC)CC
cyanic acid	N#CO
2',3'-dideoxy-2'-fluoro-3'-triaza-1,2-dien-2-ium-1-yluridine	O=C1NC(=O)N(C=C1)C2OC(C(\N=[N+]=[N@H])C2F)CO
(5-phenyl-1,2-oxazol-3-yl)methanol	OCc2noc(c1ccccc1)c2
3-(hydroxymethyl)but-3-en-1-yl trihydrogen diphosphate	O=P(O)(O)OP(=O)(OCCC(=C)\CO)O
4-(isoquinolin-1-yl)-N-[2-(morpholin-4-yl)ethyl]benzamide	O=C(NCCN1CCOCC1)c4ccc(c3nccc2c3cccc2)cc4
4-(3-methylisoquinolin-1-yl)-N-[2-(morpholin-4-yl)ethyl]benzamide	O=C(NCCN1CCOCC1)c4ccc(c3nc(cc2c3cccc2)C)cc4
(1,1-dimethylpiperidin-1-ium-4-yl) octadecyl hydrogen phosphate	O=P(O)(OC1CC[N+](C)(C)CC1)OCCCCCCCCCCCCCCCCCC
3-(1-benzothiophen-2-yl)propanoic acid	O=C(O)CCc2sc1ccccc1c2
N-(2-fluorophenyl)-N'-methylurea	O=C(Nc1ccccc1F)NC
3-phenylquinazolin-4(3H)-one	O=C1c3ccccc3N=CN1c2ccccc2
phenyl(piperidin-1-yl)methanone	O=C(c1ccccc1)N2CCCCC2
benzyl pyridine-3-carboxylate	O=C(OCc1ccccc1)c2cccnc2
(3-phenoxyphenyl)methanol	O(c1ccccc1)c2cc(ccc2)CO
[3-(benzyloxy)phenyl]methanol	O(c1cc(ccc1)CO)Cc2ccccc2
2-({3-[(3,5-dichlorobenzyl)amino]propyl}amino)quinolin-4(1H)-one	Clc1cc(cc(Cl)c1)CNCCCNC3=CC(=O)c2c(cccc2)N3
4-amino-2-(cyclopentyloxy)pyrimidine-5-carboxamide	O=C(c2cnc(OC1CCCC1)nc2N)N
(4-hydroxyphenyl)(morpholin-4-yl)methanone	O=C(c1ccc(O)cc1)N2CCOCC2
N-[(4R)-4-ammonio-4-carboxybutanoyl]-L-cysteinylglycine	O=C(NCC(=O)O)C(NC(=O)CCC(C(=O)O)[NH3+])CS
N-(1H-benzimidazol-2-yl)-N'-(3,5-dichlorobenzyl)propane-1,3-diamine	Clc1cc(cc(Cl)c1)CNCCCNc3nc2ccccc2n3
cyclopentylacetic acid	O=C(O)CC1CCCC1
(2R)-2-butyloxirane	O1C(CCCC)C1
4-[(3-bromophenyl)methoxy]benzamide	NC(=O)c1ccc(OCc2cccc(Br)c2)cc1
4-[methyl(nitroso)amino]-1-(pyridin-3-yl)butan-1-one	O=C(c1cccnc1)CCCN(N=O)C
O-methyl-N-[(2S)-4-methyl-2-(sulfanylmethyl)pentanoyl]-L-tyrosine	O=C(O)C(NC(=O)C(CC(C)C)CS)Cc1ccc(OC)cc1
3-[(2-aminoethyl)disulfanyl]-L-alanine	O=C(O)C(N)CSSCCN
N-(6-aminopyridin-2-yl)-4-fluorobenzenesulfonamide	O=S(=O)(Nc1nc(ccc1)N)c2ccc(F)cc2
(4-hydroxypiperidin-1-yl)(1H-indol-3-yl)methanethione	S=C(c2c1ccccc1nc2)N3CCC(O)CC3
(2-hydroxyphenyl)(pyrrolidin-1-yl)methanethione	S=C(c1c(O)cccc1)N2CCCC2
2-(1H-indol-3-ylmethyl)-1H-imidazo[4,5-c]pyridine	n4ccc1c(nc(n1)Cc3c2ccccc2nc3)c4
N-[2-(1H-indol-3-ylmethyl)-1H-benzimidazol-5-yl]-L-prolinamide	O=C(Nc2ccc1nc(nc1c2)Cc4c3ccccc3nc4)C5NCCC5
3-[3-(1H-pyrrolo[2,3-b]pyridin-5-yl)phenyl]propanoic acid	O=C(O)CCc3cccc(c1cc2c(nc1)ncc2)c3
(2S)-hexane-1,2-diol	OCC(O)CCCC
3-(formylamino)-L-alanine	O=CNCC(N)C(=O)O
8-methyl-2-[(pyrimidin-2-ylsulfanyl)methyl]quinazolin-4(1H)-one	O=C2N=C(Nc1c(cccc12)C)CSc3ncccn3
(2Z)-4-[(3-carbamoylphenyl)amino]-4-oxobut-2-enoic acid	O=C(Nc1cc(ccc1)C(=O)N)/C=C\C(=O)O
(2E)-4-[(3-carbamoylphenyl)amino]-4-oxobut-2-enoic acid	O=C(Nc1cc(ccc1)C(=O)N)\C=C\C(=O)O
undecyl 4-O-alpha-D-glucopyranosyl-1-thio-beta-D-glucopyranoside	S(CCCCCCCCCCC)C2OC(C(OC1OC(CO)C(O)C(O)C1O)C(O)C2O)CO
8-phenylmethoxy-4~{H}-thieno[2,3-c]isoquinolin-5-one	O=C1Nc2sccc2c3cc(OCc4ccccc4)ccc13
(3R)-1-(naphthalen-2-ylsulfonyl)piperidine-3-carboxylic acid	O=S(=O)(c2cc1ccccc1cc2)N3CCCC(C(=O)O)C3
1-[3-tert-butyl-1-(4-methylphenyl)-1H-pyrazol-5-yl]urea	O=C(N)Nc2cc(nn2c1ccc(cc1)C)C(C)(C)C
N-(2-phenylethyl)quinazolin-4-amine	n2c1c(cccc1)c(nc2)NCCc3ccccc3
2-(pyridin-4-yl)-1,5,6,7-tetrahydro-4H-pyrrolo[3,2-c]pyridin-4-one	O=C2c1cc(nc1CCN2)c3ccncc3
3-(3,4-dihydroisoquinolin-2(1H)-ylsulfonyl)benzoic acid	O=C(O)c1cc(ccc1)S(=O)(=O)N3Cc2c(cccc2)CC3
3-(3,4-dihydroisoquinolin-2(1H)-ylsulfonyl)-N-methylbenzamide	O=C(NC)c1cc(ccc1)S(=O)(=O)N3Cc2c(cccc2)CC3
4-[(5R)-5,6,7,8-tetrahydroimidazo[1,5-a]pyridin-5-yl]benzonitrile	N#Cc1ccc(cc1)C3n2cncc2CCC3
3-(hydroxyamino)-N-[(1R)-1-phenylethyl]-5-(trifluoromethyl)benzamide	FC(F)(F)c1cc(cc(NO)c1)C(=O)NC(c2ccccc2)C
3-nitro-N-[(1R)-1-phenylethyl]-5-(trifluoromethyl)benzamide	O=[N+]([O-])c1cc(cc(c1)C(F)(F)F)C(=O)NC(c2ccccc2)C
(3S)-3-(methylsulfanyl)-L-aspartic acid	O=C(O)C(N)C(SC)C(=O)O
N-(propylsulfonyl)-D-threonine	O=S(=O)(NC(C(=O)O)C(O)C)CCC
(3R)-5-fluoro-3-hydroxy-1,3-dihydro-2H-indol-2-one	c2cc1NC(=O)C(O)c1cc2F
N-(6-oxohexyl)-2-(4,5,6,7-tetrabromo-1H-benzimidazol-1-yl)acetamide	O=CCCCCCNC(=O)Cn1c2c(Br)c(Br)c(Br)c(Br)c2nc1
(2R)-2,5-diaminopentanoyl dihydrogen phosphate	O=P(OC(=O)C(N)CCCN)(O)O
Delta-Ru(phen)2(dppz) complex	n1c3c6c5c4c(c3nc2c1cccc2)cccn4[Ru]%10%14(n5ccc6)(n8c7c9c(ccc7ccc8)cccn9%10)n%12cccc%11ccc%13c(c%11%12)n%14ccc%13
N-(3-chlorophenyl)-6,7-dimethoxyquinazolin-4-amine	Clc1cccc(c1)Nc3ncnc2c3cc(OC)c(OC)c2
2-HYDROXYCYCLOHEPTA-2,4,6-TRIEN-1-ONE	OC1=CC=CC=CC1=O
6-chloroquinolin-2(1H)-one	Clc2ccc1c(C=CC(=O)N1)c2
L-URIDINE-5'-MONOPHOSPHATE	O=C1NC(=O)N(C=C1)C2OC(C(O)C2O)COP(=O)(O)O
2'-METHYLSELENYL-2'-DEOXY-L-URIDINE-5'-MONOPHOSPHATE	O=P(O)(O)OCC2OC(N1C(=O)NC(=O)C=C1)C([Se]C)C2O
N-[2,6-di(propan-2-yl)phenyl]-N'-(N-ethylcarbamimidoyl)urea	O=C(Nc1c(cccc1C(C)C)C(C)C)NC(=N)NCC
Ferrioxamine B	O=C2NCCCCCN5O[Fe]314(ON(C(=O1)CC2)CCCCCNC(=O)CCC(=O3)N(O4)CCCCCN)O=C5C
8-oxidanyl-4~{H}-thieno[2,3-c]isoquinolin-5-one	Oc1ccc2C(=O)Nc3sccc3c2c1
6-phenyl[1,2,4]triazolo[1,5-a]pyrazin-2-amine	n1c(cn2nc(nc2c1)N)c3ccccc3
hydroxy(diphenyl)acetic acid	O=C(O)C(O)(c1ccccc1)c2ccccc2
5-phenyl-2,4-dihydro-3H-1,2,4-triazol-3-one	O=C1NC(=NN1)c1ccccc1
(2R)-amino(3-chloro-4-hydroxyphenyl)ethanoic acid	Clc1cc(ccc1O)C(C(=O)O)N
(2~{S})-butane-1,2,4-triol	OCC[C@H](O)CO
(2R)-2-(phosphonooxy)propanoic acid	O=P(OC(C(=O)O)C)(O)O
2-[(3-fluorobenzyl)amino]ethanesulfonic acid	Fc1cc(ccc1)CNCCS(=O)(=O)O
2-[(3-bromobenzyl)amino]ethanesulfonic acid	Brc1cc(ccc1)CNCCS(=O)(=O)O
(3S)-3-amino-1-[4-(benzyloxy)phenyl]-4-(1H-imidazol-4-yl)butan-2-one	O=C(C(N)Cc1ncnc1)Cc3ccc(OCc2ccccc2)cc3
2-hydroxy-3-(4-methoxybenzyl)naphthalene-1,4-dione	O=C2c1c(cccc1)C(=O)C(O)=C2Cc3ccc(OC)cc3
2-[(4-tert-butylphenyl)amino]-1H-benzimidazole-6-carbonitrile	N#Cc2ccc3nc(Nc1ccc(cc1)C(C)(C)C)nc3c2
1-(O-carboxy-phenylamino)-1-deoxy-D-ribulose-5-phosphate	O=P(O)(O)OCC(O)C(O)C(O)CNc1ccccc1C(=O)O
N-[(2E)-3,4-dihydroquinazolin-2(1H)-ylidene]sulfuric diamide	O=S(=O)(/N=C2/Nc1c(cccc1)CN2)N
N-(tetrahydropyrimidin-2(1H)-ylidene)sulfuric diamide	O=S(=O)(/N=C1\NCCCN1)N
N-[(2Z)-1,3-oxazolidin-2-ylidene]sulfuric diamide	O=S(=O)(/N=C1\OCCN1)N
N'-sulfamoylpyrrolidine-1-carboximidamide	O=S(=O)(/N=C(\N)N1CCCC1)N
ethyl (2Z,4R)-2-(sulfamoylimino)-1,3-thiazolidine-4-carboxylate	O=S(=O)(/N=C1\SCC(C(=O)OCC)N1)N
1,3-dimethyl-1H-thieno[2,3-c]pyrazole-5-carboxylic acid	O=C(O)c1sc2c(c1)c(nn2C)C
(2E,4E)-11-methyldodeca-2,4-dienoic acid	O=C(O)\C=C\C=C\CCCCCC(C)C
(4S)-4-aminopentanoic acid	O=C(O)CCC(N)C
4-fluoro-2-{[4-(pyridin-4-yl)-1,3-thiazol-2-yl]amino}phenol	Fc1cc(c(O)cc1)Nc2nc(cs2)c3ccncc3
3-{2-[(5-fluoro-2-hydroxyphenyl)amino]-1,3-thiazol-4-yl}benzonitrile	N#Cc3cccc(c1nc(sc1)Nc2c(O)ccc(F)c2)c3
1,5-anhydro-6-O-phosphono-D-glucitol	O=P(O)(O)OCC1OCC(O)C(O)C1O
Z-2-(3-bromophenyl) propanal oxime	C[C@@H](\C=N/O)c1cccc(Br)c1
2-(1H-pyrazol-3-yl)pyridine-4-carboxylic acid	O=C(O)c2ccnc(c1nncc1)c2
(5S)-2-methyl-5-(prop-1-en-2-yl)cyclohex-2-en-1-one	O=C1C(=CCC(C(=C)\C)C1)C
2-methyl-5-(prop-1-en-2-yl)phenol	Oc1cc(\C(=C)C)ccc1C
3-(1H-pyrazol-1-yl)-L-tyrosine	O=C(O)C(N)Cc1ccc(O)c(c1)n2nccc2
2,6-dichloro-N-(2-oxo-2,5-dihydropyridin-4-yl)benzamide	O=C2N=CCC(NC(=O)c1c(Cl)cccc1Cl)=C2
N-(3-chloro-5-fluorophenyl)-4-nitro-2,1,3-benzoxadiazol-5-amine	Fc1cc(cc(Cl)c1)Nc2ccc3nonc3c2[N+]([O-])=O
2,6-dichloro-N-{2-[(cyclopropylcarbonyl)amino]pyridin-4-yl}benzamide	O=C(Nc1nccc(c1)NC(=O)c2c(Cl)cccc2Cl)C3CC3
3-[(2-methylphenyl)methylamino]pyrazine-2-carboxamide	Cc1ccccc1CNc2nccnc2C(N)=O
N-(3-fluorophenyl)-4-nitro-2,1,3-benzoxadiazol-5-amine	Fc1cccc(c1)Nc2ccc3nonc3c2[N+]([O-])=O
(2E)-6-amino-2-iminohexanoic acid	O=C(O)C(=[N@H])CCCCN
(2E)-2-imino-4-(methylsulfanyl)butanoic acid	O=C(O)C(=[N@H])CCSC
(2E)-3-phenylbut-2-en-1-yl dihydrogen phosphate	C/C(=C\COP(=O)(O)O)c1ccccc1
(6alpha,8alpha)-6-(pent-2-yn-1-yloxy)androsta-1,4-diene-3,17-dione	O=C4C3(CCC2C1(C=CC(=O)C=C1C(OCC#CCC)CC2C3CC4)C)C
2-amino-2-ethylbutanoic acid	O=C(O)C(N)(CC)CC
1,1-bis(4-fluorophenyl)methanamine	Fc1ccc(cc1)C(N)c2ccc(F)cc2
(2R)-2,8-diamino-2-methyloctanoic acid	O=C(O)C(N)(CCCCCCN)C
ethyl (2E)-3-(3,4-dihydroxyphenyl)prop-2-enoate	O=C(OCC)\C=C\c1cc(O)c(O)cc1
2-amino-6-bromo-7-(trifluoromethyl)-1,8-naphthyridine-3-carboxamide	FC(F)(F)c2nc1nc(c(cc1cc2Br)C(=O)N)N
(4-hydroxy-3,5-dimethylphenyl)(2-methyl-1-benzofuran-3-yl)methanone	O=C(c1c2ccccc2oc1C)c3cc(c(O)c(c3)C)C
(2S,4R)-4-hydroxy-1,1-dimethylpyrrolidinium-2-carboxylate	O=C([O-])C1[N+](C)(C)CC(O)C1
5'-{[(3S)-3-amino-3-carboxypropyl]amino}-5'-deoxyadenosine	O=C(O)C(N)CCNCC3OC(n2cnc1c(ncnc12)N)C(O)C3O
(4R)-4-[(7-bromoisoquinolin-1-yl)oxy]-L-proline	O=C(O)C3NCC(Oc1nccc2c1cc(Br)cc2)C3
(1R,2S)-1-amino-2-ethenylcyclopropanecarboxylic acid	O=C(O)C1(N)CC1\C=C
1-(pyridin-3-yl)methanamine	n1cccc(c1)CN
3-(3-phenyl-1,2-oxazol-5-yl)propanoic acid	O=C(O)CCc2onc(c1ccccc1)c2
3-(biphenyl-4-yl)propanoic acid	O=C(O)CCc1ccc(cc1)c2ccccc2
N-[(2Z)-2-amino-3-(4-hydroxyphenyl)prop-2-enoyl]glycine	NC(=C\c1ccc(O)cc1)/C(=O)NCC(O)=O
3-[(2-chlorophenyl)methylamino]pyrazine-2-carboxamide	NC(=O)c1nccnc1NCc2ccccc2Cl
(2R,3R,4R)-N,2,3,4,5-pentakis(oxidanyl)pentanamide	O=C(NO)C(O)C(O)C(O)CO
2-{[3-(decyloxy)benzoyl]amino}-5-nitrobenzoic acid	[O-][N+](=O)c1ccc(c(C(=O)O)c1)NC(=O)c2cc(OCCCCCCCCCC)ccc2
(5-bromo-2-{[3-(octyloxy)benzyl]oxy}phenyl)phosphonic acid	Brc2cc(c(OCc1cccc(OCCCCCCCC)c1)cc2)P(=O)(O)O
(2Z)-2-hydroxy-4-[4-(octyloxy)phenyl]-4-oxobut-2-enoic acid	O=C(O)C(\O)=C\C(=O)c1ccc(OCCCCCCCC)cc1
(2Z)-4-[3-(decyloxy)phenyl]-2-hydroxy-4-oxobut-2-enoic acid	O=C(O)C(\O)=C\C(=O)c1cc(OCCCCCCCCCC)ccc1
N-[(benzyloxy)carbonyl]-L-leucyl-N-hydroxy-L-alaninamide	O=C(NO)C(NC(=O)C(NC(=O)OCc1ccccc1)CC(C)C)C
N-[(1R)-1-carboxy-3-phenylpropyl]-L-leucyl-L-tryptophan	O=C(O)C(NC(C(=O)NC(C(=O)O)Cc2c1ccccc1nc2)CC(C)C)CCc3ccccc3
1-(5-CHLOROINDOL-3-YL)-3-HYDROXY-3-(2H-TETRAZOL-5-YL)-PROPENONE	Clc1cc2c(cc1)ncc2C(=O)\C=C(/O)c3nnnn3
GAMMA-DEOXY-GAMMA-SULFO-GUANOSINE-5'-TRIPHOSPHATE	NC1=Nc2n(cnc2C(=O)N1)C3OC(CO[P](O)(=O)O[P](O)(=O)O[P](O)(O)=S)C(O)C3O
N,N'-BIS(2-AMINOETHYL)-1,2-ETHANEDIAMINE	NCCNCCNCCN
N-[5-METHYL-3-O-TOLYL-ISOXAZOLE-4-CARBOXYLIC ACID AMIDE] BORONIC ACID	Clc1ccccc1c2noc(c2C(=O)NCB(O)O)C
2-(5-CARBAMIMIDOYL-2-HYDROXY-BENZYLAMINO)-PROPIONIC ACID	O=C(O)C(NCc1cc(ccc1O)C(=[N@H])N)C
2-(4-CARBAMIMIDOYL-2-HYDROXY-BENZYLAMINO)-PROPIONIC ACID	O=C(O)C(NCc1ccc(cc1O)C(=[N@H])N)C
N-2-(biphenyl-4-ylsulfonyl)-N-2-(isopropyloxy)-acetohydroxamic acid	O=S(=O)(N(OC(C)C)CC(=O)NO)c2ccc(c1ccccc1)cc2
(2E)-4-fluoro-3-methylbut-2-en-1-yl trihydrogen diphosphate	O=P(O)(O)OP(=O)(OC\C=C(/C)CF)O
(2E)-4-amino-3-methylbut-2-en-1-yl trihydrogen diphosphate	O=P(O)(O)OP(=O)(OC\C=C(/C)CN)O
(2E)-3-methyl-4-sulfanylbut-2-en-1-yl trihydrogen diphosphate	O=P(OP(=O)(OC/C=C(\C)CS)O)(O)O
N-(2,6-diethylphenyl)-N'-(N-propylcarbamimidoyl)urea	O=C(Nc1c(cccc1CC)CC)NC(=N)NCCC
decyl 4-O-alpha-D-glucopyranosyl-1-thio-beta-D-glucopyranoside	S(CCCCCCCCCC)C2OC(C(OC1OC(CO)C(O)C(O)C1O)C(O)C2O)CO
D-phenylalanyl-N-[(1-methylpyridinium-3-yl)methyl]-L-prolinamide	O=C(NCc1ccc[n+](c1)C)C3N(C(=O)C(N)Cc2ccccc2)CCC3
TETRAPHENYLANTIMONIUM ION	c1c(cccc1)[Sb+](c2ccccc2)(c3ccccc3)c4ccccc4
TETRAPHENYLPHOSPHONIUM ION	c1c(cccc1)[P+](c2ccccc2)(c3ccccc3)c4ccccc4
UNDECANOIC ACID	O=C(O)CCCCCCCCCC
(2R)-2-aminohexanedioic acid	O=C(O)C(N)CCCC(=O)O
11-({[5-(dimethylamino)naphthalen-1-yl]sulfonyl}amino)undecanoic acid	O=C(O)CCCCCCCCCCNS(=O)(=O)c2cccc1c(cccc12)N(C)C
N-[(2-amino-1,3-benzothiazol-6-yl)carbonyl]glycine	O=C(O)CNC(=O)c1ccc2nc(sc2c1)N
(7R)-8-cyclopentyl-7-ethyl-5-methyl-7,8-dihydropteridin-6(5H)-one	O=C1N(c3cncnc3N(C1CC)C2CCCC2)C
9,10-dioxo-9,10-dihydroanthracene-2,6-disulfonic acid	O=S(=O)(O)c3ccc2C(=O)c1c(ccc(c1)S(=O)(=O)O)C(=O)c2c3
(TRANS-12,13-EPOXY)-11-HYDROXY-9(Z)-OCTADECENOIC ACID	O=C(O)CCCCCCC/C=C\C(O)C1OC1CCCCC
1-(cyclohexylmethyl)-L-proline	O=C(O)C2N(CC1CCCCC1)CCC2
RUTHENIUM WIRE, 11 CARBON LINKER	CN(C)c1cccc(c1)OCCCCCCCCCCCC1=CCN2C3=C4C(C=CC31)=CC=CN4[Ru]212(N3CCCCC3C3CCCCN31)N1CCC=CC1C1CCCCN12
N-(pyridin-3-ylmethyl)aniline	n1cccc(c1)CNc2ccccc2
11-cyclohexylundecanoic acid	O=C(O)CCCCCCCCCCC1CCCCC1
2-(2-OXO-1,2-DIHYDRO-PYRIDIN-3-YL)-1H-BENZOIMIDAZOLE-5-CARBOXAMIDINE	O=C3NC=CC=C3c2nc1cc(ccc1n2)\C(=[NH2+])N
2-(3-HYDROXY-PYRIDIN-2-YL)-1H-BENZOIMIDAZOLE-5-CARBOXAMIDINE	Oc3cccnc3c2nc1cc(ccc1n2)\C(=[NH2+])N
2-(2-HYDROXY-PHENYL)-3H-BENZOIMIDAZOLE-5-CARBOXAMIDINE	Oc3ccccc3c2nc1ccc(cc1n2)\C(=[NH2+])N
2-(2-HYDROXY-5-METHOXY-PHENYL)-1H-BENZOIMIDAZOLE-5-CARBOXAMIDINE	O(c3cc(c2nc1cc(ccc1n2)\C(=[NH2+])N)c(O)cc3)C
2-(2-HYDROXY-PHENYL)-1H-INDOLE-5-CARBOXAMIDINE	Oc3ccccc3c2cc1cc(ccc1n2)\C(=[NH2+])N
2'-O-FLUOROETHYL-5-METHYL-URIDINE-5'-MONOPHOSPHATE	O=C1NC(=O)N(C=C1C)C2OC(C(O)C2OCCF)COP(=O)(O)O
2'-O-METHYL-[TRI(OXYETHYL)]-5-METHYL-URIDINE-5'-MONOPHOSPHATE	O=C1NC(=O)N(C=C1C)C2OC(C(O)C2OCCOCCOCCOC)COP(=O)(O)O
2'-O-AMINOOXY-ETHYL-5-METHYL-URIDINE-5'-MONOPHOSPHATE	O=C1NC(=O)N(C=C1C)C2OC(C(O)C2OCCON)COP(=O)(O)O
[2(FORMYL-HYDROXY-AMINO)-ETHYL]-PHOSPHONIC ACID	O=P(O)(O)CCN(O)C=O
2-METHYLTHIO-N6-(AMINOCARBONYL-L-THREONYL)-ADENOSINE-5'-MONOPHOSPHATE	O=C(O)C(NC(=O)Nc3nc(SC)nc1c3ncn1C2OC(C(O)C2O)COP(=O)(O)O)C(O)C
BENZO[CD]INDOL-2(1H)-ONE	O=C3c2cccc1cccc(c12)N3
12-HYDROXYDODECANOIC ACID	O=C(O)CCCCCCCCCCCO
4-(4-METHYLPIPERAZIN-1-YL)QUINAZOLINE	n2c(N1CCN(C)CC1)c3ccccc3nc2
2-iodo-N-[3-(1-methylethoxy)phenyl]benzamide	CC(C)Oc1cccc(NC(=O)c2ccccc2I)c1
(1-methylcyclohexyl)carbamic acid	O=C(O)NC1(CCCCC1)C
(1R,2S,5S)-6,6-dimethyl-3-azabicyclo[3.1.0]hexane-2-carboxylic acid	O=C(O)C1NCC2C1C2(C)C
(2-ETHYLPHENYL)METHANOL	OCc1ccccc1CC
(2R,3S)-3-amino-4-cyclobutyl-2-hydroxybutanoic acid	O=C(O)C(O)C(N)CC1CCC1
DODECAETHYLENE GLYCOL	O(CCOCCOCCOCCOCCO)CCOCCOCCOCCOCCOCCOCCO
1-METHYLQUINOLIN-2(1H)-ONE	O=C2C=Cc1c(cccc1)N2C
4-(2-phenylhydrazinyl)-1H-pyrazolo[3,4-d]pyrimidine	n1c3c(c(nc1)NNc2ccccc2)cnn3
2-aminobenzene-1,4-dicarboxylic acid	O=C(O)c1cc(N)c(C(=O)O)cc1
N-cycloheptylglycyl-N-(4-carbamimidoylbenzyl)-L-prolinamide	O=C(NCc1ccc(C(=[N@H])N)cc1)C3N(C(=O)CNC2CCCCCC2)CCC3
cyclopentyl hydrogen carbonate	O=C(O)OC1CCCC1
[4-amino-2-(cyclohexylamino)-1,3-thiazol-5-yl](pyridin-3-yl)methanone	O=C(c1sc(nc1N)NC2CCCCC2)c3cccnc3
2-(2-HYDROXY-BIPHENYL)-1H-BENZOIMIDAZOLE-5-CARBOXAMIDINE	Oc4c(c1ccccc1)cccc4c3nc2cc(ccc2n3)C(=[N@H])N
6-CHLORO-2-(2-HYDROXY-BIPHENYL-3-YL)-1H-INDOLE-5-CARBOXAMIDINE	Clc1c(cc2c(c1)nc(c2)c4cccc(c3ccccc3)c4O)\C(=[NH2+])N
N-(4-CARBAMIMIDOYL-PHENYL)-2-HYDROXY-BENZAMIDE	O=C(c1ccccc1O)Nc2ccc(C(=[N@H])N)cc2
1-(O-CARBOXY-PHENYLAMINO)-1-DEOXY-D-RIBULOSE-5-PHOSPHATE	O=P(O)(O)OCC(O)C(O)C(O)CNc1ccccc1C(=O)O
N-[(2S)-2-amino-3-phenylpropyl]-L-methionine	O=C(O)C(NCC(N)Cc1ccccc1)CCSC
(9Z,11E,13S)-13-HYDROXYOCTADECA-9,11-DIENOIC ACID	O=C(O)CCCCCCC/C=C\C=C\C(O)CCCCC
13(R)-HYDROPEROXY-9(Z),11(E)-OCTADECADIENOIC ACID	O=C(O)CCCCCCC/C=C\C=C\C(OO)CCCCC
13(S)-HYDROPEROXY-9(Z),11(E)-OCTADECADIENOIC ACID	O=C(O)CCCCCCC/C=C\C=C\C(OO)CCCCC
N-cyclooctylglycyl-N-(4-carbamimidoylbenzyl)-L-prolinamide	O=C(NCc1ccc(C(=[N@H])N)cc1)C3N(C(=O)CNC2CCCCCCC2)CCC3
benzene-1,3,5-triol	Oc1cc(O)cc(O)c1
S-2,3-DIHYDRO-5-GLYCIN-2-YL-ISOXAZOL-3-YL-CYSTEINE	O=C(O)C(C=1ONC(SCC(N)C(=O)O)C=1)N
2-nitrophenyl beta-D-galactopyranoside	[O-][N+](=O)c2c(OC1OC(C(O)C(O)C1O)CO)cccc2
4-nitrophenyl beta-D-galactopyranoside	[O-][N+](=O)c2ccc(OC1OC(C(O)C(O)C1O)CO)cc2
2-[BIS-(2-HYDROXY-ETHYL)-AMINO]-2-HYDROXYMETHYL-PROPANE-1,3-DIOL	OCCN(C(CO)(CO)CO)CCO
2-amino-3,5-dimethylbenzoic acid	O=C(O)c1cc(cc(c1N)C)C
2-(2-chloropyridin-4-yl)-4-methyl-1H-isoindole-1,3(2H)-dione	Clc1nccc(c1)N3C(=O)c2cccc(c2C3=O)C
2-amino-4,5-dimethoxybenzoic acid	O=C(O)c1c(cc(OC)c(OC)c1)N
N-[(1R,3R)-3-hydroxy-1-(hydroxymethyl)-3-phenylpropyl]tetradecanamide	O=C(NC(CC(O)c1ccccc1)CO)CCCCCCCCCCCCC
5-bromofuran-2-carboxylic acid	O=C(O)c1oc(Br)cc1
4-(4-methylpiperazin-1-yl)benzoic acid	O=C(O)c1ccc(cc1)N2CCN(C)CC2
(2S)-2-methyl-3-oxooctadecanoic acid	O=C(CCCCCCCCCCCCCCC)C(C(=O)O)C
3,5-dioxoicosanoic acid	O=C(CC(=O)CC(=O)O)CCCCCCCCCCCCCCC
N-(3-(AMINOMETHYL)BENZYL)ACETAMIDINE	[N@H]=C(NCc1cccc(c1)CN)C
3-methyl-6-(pyrrolidin-1-ylsulfonyl)-3,4-dihydroquinazolin-2(1H)-one	O=S(=O)(c2cc1c(NC(=O)N(C)C1)cc2)N3CCCC3
METHYL(E)-OCTADEC-9-ENOATE	CCCCCCCC/C=C/CCCCCCCC(=O)OC
6-(2-HYDROXY-CYCLOPENTYL)-7-OXO-HEPTANAMIDINE	O=CC(CCCCC(=[N@H])N)C1CCCC1O
3-(2-MERCAPTO-ACETYLAMINO)-4-OXO-PENTANOIC ACID	O=C(C(NC(=O)CS)CC(=O)O)C
2-HYDROXY-5-(2-MERCAPTO-ETHYLSULFAMOYL)-BENZOIC ACID	O=C(O)c1cc(ccc1O)S(=O)(=O)NCCS
2-(4-acetylphenyl)-4-methyl-1H-isoindole-1,3(2H)-dione	O=C(c1ccc(cc1)N3C(=O)c2cccc(c2C3=O)C)C
6-bromo-3-methyl-3,4-dihydroquinazolin-2(1H)-one	Brc1ccc2NC(=O)N(Cc2c1)C
1-BENZYL-4-({[(1E)-2,2,2-TRICHLOROETHANIMIDOYL]OXY}METHYL)PYRIDINIUM	ClC(Cl)(Cl)C(OCc1cc[n+](cc1)Cc2ccccc2)=[N@H]
6-(2,9-Diazaspiro[5.5]undecan-9-yl)-9H-purine	n4c1c(ncnc1N3CCC2(CCCNC2)CC3)nc4
D-galactaro-1,5-lactone	O=C(O)C1OC(=O)C(O)C(O)C1O
(2R)-2,3-dihydro-1,4-benzodioxine-2-carboxylic acid	O=C(O)C1Oc2ccccc2OC1
POLYETHYLENE GLYCOL (N=34)	O(CCOCCO)CCOCCOCCOCCOCCOCCOCCOCCOCCOCCOCCOCCOCCOCCOCCOCCOCCOCCOCCOCCOCCOCCOCCOCCOCCOCCOCCOCCOCCOCCOCCOCCOC
2-chloro-3'-fluoro-3-[(E)-(hydroxyimino)methyl]biphenyl-4,4'-diol	Clc2c(c(O)ccc2c1cc(F)c(O)cc1)\C=N\O
7-hydroxy-2-(4-methoxyphenyl)-4H-chromen-4-one	O=C1c3c(OC(=C1)c2ccc(OC)cc2)cc(O)cc3
1-{4-[(2-fluoro-6-methoxy-3'-nitrobiphenyl-3-yl)methyl]phenyl}urea	O=N(=O)c3cccc(c1c(F)c(ccc1OC)Cc2ccc(NC(=O)N)cc2)c3
(3S)-3-methyl-1,2,3,4-tetrahydroquinoline-8-sulfonic acid	O=S(=O)(O)c1cccc2c1NCC(C2)C
2-(3,4-dihydroxyphenyl)-7-hydroxy-4H-chromen-4-one	O=C1c3c(OC(=C1)c2ccc(O)c(O)c2)cc(O)cc3
2-(3-CARBOXYPROPIONYL)-6-HYDROXY-CYCLOHEXA-2,4-DIENE CARBOXYLIC ACID	O=C(C1=CC=CC(O)C1C(=O)O)CCC(=O)O
PANTOTHENYL-AMINOETHANOL-ACETATE PIVALIC ACID	O=C(NCCC(=O)NCCOC(=O)C)C(O)C(COC(=O)C(C)(C)C)(C)C
N-hydroxycytidine 5'-(dihydrogen phosphate)	O=P(O)(O)OCC1OC(N2C=CC(=NC2=O)NO)C(O)C1O
N-((E,2S,3R)-1,3-DIHYDROXYOCTADEC-4-EN-2-YL)PALMITAMIDE	O=C(NC(CO)C(O)/C=C/CCCCCCCCCCCCC)CCCCCCCCCCCCCCC
HEXANE-1,6-DIAMINE	NCCCCCCN
N-(16-Carboxyhexadecanoyl)-L-glutamic acid	O=C(NC(C(=O)O)CCC(=O)O)CCCCCCCCCCCCCCC(=O)O
N-[(1R,3R)-3-hydroxy-1-(hydroxymethyl)-3-phenylpropyl]hexadecanamide	O=C(NC(CC(O)c1ccccc1)CO)CCCCCCCCCCCCCCC
N-[4-(4-OXO-3,4-DIHYDROQUINAZOLIN-2-YL)PHENYL]THIOPHENE-2-CARBOXAMIDE	O=C(Nc3ccc(C2=Nc1ccccc1C(=O)N2)cc3)c4sccc4
[4-(4-chlorophenyl)piperazin-1-yl](morpholin-4-yl)methanone	O=C(N2CCN(c1ccc(Cl)cc1)CC2)N3CCOCC3
4-(2,4-dimethyl-1,3-thiazol-5-yl)-N-(3-nitrophenyl)pyrimidin-2-amine	[O-][N+](=O)c1cccc(c1)Nc3nc(c2sc(nc2C)C)ccn3
(ethylsulfanyl)benzene	ethyl
2,3-dihydro-1H-indene	c1cccc2c1CCC2
(methylsulfanyl)benzene	CSc1ccccc1
2-(3,4-dihydroxyphenyl)-4H-chromen-4-one	O=C1c3c(OC(=C1)c2ccc(O)c(O)c2)cccc3
N-(3-chlorobenzyl)-1-(4-methylpentanoyl)-L-prolinamide	O=C(NCc1cccc(Cl)c1)C2N(C(=O)CCC(C)C)CCC2
3-[3-(3,5-dimethyl-1H-pyrazol-4-yl)propoxy]-4-fluorobenzoic acid	O=C(O)c2cc(OCCCc1c(nnc1C)C)c(F)cc2
16-hydroxyhexadecanoic acid	O=C(O)CCCCCCCCCCCCCCCO
(2S,3S,4R,5S)-2-(4-methoxyphenyl)-1,5-dimethylpyrrolidine-3,4-diol	OC2C(c1ccc(OC)cc1)N(C)C(C)C2O
2-PHENYLAMINO-ETHANESULFONIC ACID	O=S(=O)(O)CCNc1ccccc1
BENZOYL-FORMIC ACID	O=C(C(=O)O)c1ccccc1
4-CHLORO-BENZOIC ACID	O=C(O)c1ccc(Cl)cc1
4-(4-HYDROXY-3-ISOPROPYLPHENYLTHIO)-2-ISOPROPYLPHENOL	S(c1ccc(O)c(c1)C(C)C)c2cc(c(O)cc2)C(C)C
N-[(naphthalen-2-ylamino)(oxo)acetyl]-beta-D-glucopyranosylamine	O=C(NC1OC(C(O)C(O)C1O)CO)C(=O)Nc3cc2ccccc2cc3
2-benzylbenzoic acid	O=C(O)c1ccccc1Cc2ccccc2
N-(2,6-diethylphenyl)-N'-(N-methylcarbamimidoyl)urea	O=C(Nc1c(cccc1CC)CC)NC(=N)NC
8-methoxyphenanthro[3,4-d][1,3]dioxole-5,6-dicarboxylic acid	O=C(O)c3c1c(cc4c(c1c2OCOc2c3)cccc4OC)C(=O)O
1.7.6 5-cyclododecyloxy-N,N-dimethyl-pentan-1-amine	O(CCCCCN(C)C)C1CCCCCCCCCCC1
(3S,4S)-4-amino-2,6-dimethylhept-1-en-3-ol	OC(C(=C)\C)C(N)CC(C)C
2-[(2-phenoxyethyl)sulfanyl]-1H-benzimidazole	n2c1ccccc1nc2SCCOc3ccccc3
(1R,2S)-cyclopentane-1,2-diol	OC1CCCC1O
2-methylnaphthalene-1,4-diol	Oc2c1ccccc1c(O)c(c2)C
1-((2-HYDROXYETHOXY)METHYL)-5-(PHENYLTHIO)PYRIMIDINE-2,4(1H,3H)-DIONE	O=C2C(Sc1ccccc1)=CN(C(=O)N2)COCCO
PYOCHELIN FE(III)	CN1[C@H]2CS[C@@H]1[C@H]3CSC(=N3)c4ccccc4O[Fe]OC2=O
N-{4-[(E)-2-(4-hydroxy-3,5-dimethylphenyl)ethenyl]phenyl}propanamide	O=C(Nc1ccc(cc1)\C=C\c2cc(c(O)c(c2)C)C)CC
N-((E,2S,3R)-1,3-DIHYDROXYOCTADEC-4-EN-2-YL)STEARAMIDE	O=C(NC(CO)C(O)/C=C/CCCCCCCCCCCCC)CCCCCCCCCCCCCCCCC
7-chloro-10-methyl-11H-benzo[g]pyrido[4,3-b]indol-3-ol	Clc4ncc(c3c4c2c(c1ccc(O)cc1cc2)n3)C
(2R)-2-hydroxy-3-(phosphonooxy)propyl (9Z,12Z)-octadeca-9,12-dienoate	O=P(OCC(O)COC(=O)CCCCCCC\C=C/C\C=C/CCCCC)(O)O
1H-benzo[de]isoquinoline-1,3(2H)-dione	O=C2c1c3c(ccc1)cccc3C(=O)N2
3-[(4-carboxybenzyl)sulfamoyl]thiophene-2-carboxylic acid	O=S(=O)(c1c(scc1)C(=O)O)NCc2ccc(C(=O)O)cc2
Trioxacarcin A analogue, bound form	O=C(C)C1(O)C(O)CC(OC1C)OC57Oc2c(c(cc4c2c(O)c3C(=O)CCCc3c4OC)C)C6OC(OC56)(C(OC)OC)C7(O)C
PROPIONYL COENZYME A	CCC(=O)SCCNC(=O)CCNC(=O)C(O)C(C)(C)COP(O)(=O)OP(O)(=O)OCC1OC(C(C1OP(O)(=O)O)O)[N+]=2C=NC=3C=2N=CNC=3N
1-AMINOCYCLOBUTANECARBOXLIC ACID	O=C(O)C1(N)CCC1
(2S)-4-(BETA-ALANYLAMINO)-2-AMINOBUTANOIC ACID	O=C(O)C(N)CCNC(=O)CCN
4-{2-[(3-NITROBENZOYL)AMINO]PHENOXY}PHTHALIC ACID	[O-][N+](=O)c1cccc(c1)C(=O)Nc3ccccc3Oc2ccc(C(=O)O)c(C(=O)O)c2
4-{2,4-BIS[(3-NITROBENZOYL)AMINO]PHENOXY}PHTHALIC ACID	[O-][N+](=O)c1cccc(c1)C(=O)Nc3ccc(Oc2ccc(C(=O)O)c(C(=O)O)c2)c(c3)NC(=O)c4cccc([N+]([O-])=O)c4
3-(3-FLUORO-4-HYDROXYPHENYL)-7-HYDROXY-1-NAPHTHONITRILE	Fc3cc(c2cc1ccc(O)cc1c(C#N)c2)ccc3O
N,N-DIMETHYL-4-(4-PHENYL-1H-PYRAZOL-3-YL)-1H-PYRROLE-2-CARBOXAMIDE	O=C(N(C)C)c3cc(c2nncc2c1ccccc1)cn3
11-chloro-8-methyl-7H-benzo[e]pyrido[4,3-b]indol-3-ol	Clc4ncc(c3c4c1c(ccc2cc(O)ccc12)n3)C
[(1R)-1-amino-5-carbamimidamidopentyl]phosphonic acid	O=P(O)(O)C(N)CCCCNC(=[N@H])N
1-[(2R)-2-aminobutanoyl]-N-(3-chlorobenzyl)-L-prolinamide	O=C(NCc1cccc(Cl)c1)C2N(C(=O)C(N)CC)CCC2
5-(aminooxy)-L-norvaline	O=C(O)C(N)CCCON
2-[(4-hydroxybenzyl)amino]-5-nitrobenzamide	[O-][N+](=O)c2ccc(NCc1ccc(O)cc1)c(C(=O)N)c2
4-(2-oxo-1,3-oxazolidin-3-yl)benzamide	O=C(c2ccc(N1C(=O)OCC1)cc2)N
4-(2-fluorophenyl)-1,3-thiazol-2(3H)-one	O=C2SC=C(c1c(F)cccc1)N2
1-AMINOCYCLOPROPANECARBOXYLIC ACID	O=C(O)C1(N)CC1
(1Z)-2-HYDROXY-3-OXOHEX-1-EN-1-YL DIHYDROGEN PHOSPHATE	O=P(O\C=C(/O)C(=O)CCC)(O)O
2,4-BIS{[4-(N-CYCLOPENTYLDIAMINOMETHYL)PHENYL]}FURAN	o3c(cc(c1ccc(cc1)C(N)NC2CCCC2)c3)c4ccc(cc4)C(N)NC5CCCC5
(2S)-2,3-dihydroxypropyl (5Z,8Z,11Z,14Z)-icosa-5,8,11,14-tetraenoate	O=C(OCC(O)CO)CCC\C=C/C\C=C/C\C=C/C\C=C/CCCCC
3-AMINO-3-BENZYL-[4.3.0]BICYCLO-1,6-DIAZANONAN-2-ONE	O=CC2N1C(=O)C(N)(CCN1CC2)Cc3ccccc3
6,7-dihydrothieno[3,2-c]pyridin-5(4H)-yl(1H-imidazol-1-yl)methanone	O=C(N2CCc1sccc1C2)n3ccnc3
ALLANTOATE ION	O=C(NC(C([O-])=O)NC(=O)N)N
2,6-DIAMINOPURINE NUCLEOTIDE	O=P(O)(O)OCC3OC(n2cnc1c(nc(nc12)N)N)CC3O
beta-D-fructofuranosyl 6-O-decanoyl-alpha-D-glucopyranoside	O=C(OCC2OC(OC1(OC(C(O)C1O)CO)CO)C(O)C(O)C2O)CCCCCCCCC
1-[1-(3-aminophenyl)-3-tert-butyl-1H-pyrazol-5-yl]-3-phenylurea	O=C(Nc1ccccc1)Nc3cc(nn3c2cc(ccc2)N)C(C)(C)C
(2R,2'R)-3,3'-oxydipropane-1,2-diol	OCC(O)COCC(O)CO
N-{[3-(2H-indazol-5-yl)phenyl]sulfonyl}-L-threoninamide	O=C(NS(=O)(=O)c3cccc(c1cc2cnnc2cc1)c3)C(N)C(O)C
4-HYDROXY-N'-(4-ISOPROPYLBENZYL)BENZOHYDRAZIDE	O=C(c1ccc(O)cc1)NNCc2ccc(cc2)C(C)C
trans-4-{[4-(1H-indazol-1-yl)pyrimidin-2-yl]amino}cyclohexanol	OC4CCC(Nc1nccc(n1)n3ncc2ccccc23)CC4
1-hydroxy-6-(4-hydroxybenzyl)-4-methylpyridin-2(1H)-one	O=C1C=C(C=C(N1O)Cc2ccc(O)cc2)C
[2-(PYRIDIN-2-YLAMINO)ETHANE-1,1-DIYL]BIS(PHOSPHONIC ACID)	O=P(O)(O)C(CNc1ncccc1)P(=O)(O)O
6-benzyl-1-hydroxy-4-methylpyridin-2(1H)-one	O=C1C=C(C=C(N1O)Cc2ccccc2)C
1-(3,4,5-trimethoxybenzyl)-L-proline	O=C(O)C2N(Cc1cc(OC)c(OC)c(OC)c1)CCC2
2-hydroxyethyl 6-deoxy-beta-L-galactopyranoside	O(CCO)C1OC(C(O)C(O)C1O)C
N-(3,3-dimethyl-3,4-dihydroisoquinolin-1-yl)-L-phenylalanine	O=C(O)C(NC1=NC(Cc2ccccc12)(C)C)Cc3ccccc3
1-(4-CHLOROPHENYL)-1H-IMIDAZOLE	Clc1ccc(cc1)n2ccnc2
(R)-ethoxy(pyrazolo[1,5-a]pyridin-3-yl)methanol	n1cc(c2ccccn12)C(O)OCC
4-bromo-N-(5-methyl-1H-pyrazol-3-yl)benzamide	O=C(Nc1nnc(c1)C)c2ccc(Br)cc2
FE(8)-S(7) CLUSTER, OXIDIZED	[Fe]|1|2S|3[Fe]S|1[Fe]S|2[Fe]|3[S]45[Fe]|6S|7[Fe]|8S|6[Fe]4S|8[Fe]5|7
(2R)-2-PHENYL-N-PYRIDIN-4-YLBUTANAMIDE	O=C(Nc1ccncc1)C(c2ccccc2)CC
(3S)-3-hydroxy-3-methyl-5-sulfanylpentanoic acid	O=C(O)CC(O)(C)CCS
COPROPORPHYRINOGEN I	O=C(O)CCc1c(c5nc1Cc2c(c(c(n2)Cc3nc(c(c3C)CCC(=O)O)Cc4nc(c(c4C)CCC(=O)O)C5)CCC(=O)O)C)C
4,4'-{3-[(4-hydroxyphenyl)amino]-1H-pyrazole-4,5-diyl}diphenol	Oc4ccc(c1c(c(nn1)Nc2ccc(O)cc2)c3ccc(O)cc3)cc4
COPPER ION, 1 WATER COORDINATED	O|[Cu++]
3-amino-2-hydroxybenzoic acid	O=C(O)c1cccc(N)c1O
1-[(4-fluorophenyl)sulfonyl]-2-methyl-1H-benzimidazole	Fc1ccc(cc1)S(=O)(=O)n2c3ccccc3nc2C
4-hydroxy-3-methoxy-5-nitrobenzoic acid	[O-][N+](=O)c1cc(cc(OC)c1O)C(=O)O
(4R)-ISONICOTINIC-ACETYL-NICOTINAMIDE-ADENINE DINUCLEOTIDE	NC(=O)C1=CN(C=C[C@H]1C(=O)c2ccncc2)[C@@H]3O[C@H](CO[P@](O)(=O)O[P@@](O)(=O)OC[C@H]4O[C@H]([C@H](O[P](O)(O)=O)[C@@H]4O)n5cnc6c(N)ncnc56)[C@@H](O)[C@H]3O
(1R)-1-phenylprop-2-yn-1-ol	C(#C)C(O)c1ccccc1
N1-deaza-adenosine-5'-monophosphate	O=P(O)(O)OCC3OC(n2cnc1c(N)ccnc12)C(O)C3O
5-(trifluoromethyl)-1H-imidazole	FC(F)(F)c1cncn1
1,10-dihydropyrrolo[2,3-a]carbazole-3-carbaldehyde	O=Cc4c3c(c2nc1c(cccc1)c2cc3)nc4
1-O-decanoyl-beta-D-tagatofuranosyl beta-D-allopyranoside	O=C(OCC2(OC1OC(CO)C(O)C(O)C1O)OC(C(O)C2O)CO)CCCCCCCCC
2-(1H-pyrazol-1-yl)ethanol	OCCn1nccc1
5-methyl-3-(trifluoromethyl)-1H-pyrazole	FC(F)(F)c1nnc(c1)C
1-(3-methylphenyl)-5-phenyl-1H-pyrazole-3-carboxylic acid	O=C(O)c2nn(c1cccc(c1)C)c(c2)c3ccccc3
(2R,3S)-3-amino-4-cyclopropyl-2-hydroxybutanamide	O=C(N)C(O)C(N)CC1CC1
(2S)-2,9-diaminononanoic acid	O=C(O)C(N)CCCCCCCN
6-[3-(carboxymethoxy)-5-fluorophenyl]pyridine-3-carboxylic acid	O=C(O)COc2cc(c1ncc(cc1)C(=O)O)cc(F)c2
N-(4-nitrophenyl)cyclopropanecarboxamide	O=C(Nc1ccc([N+]([O-])=O)cc1)C2CC2
[(5R)-5-amino-5-carboxy-8-hydroxyoctyl](trihydroxy)borate(1-)	O=C(O)C(N)(CCCC[B-](O)(O)O)CCCO
(3S,6S)-3-benzyl-6-(4-hydroxybenzyl)piperazine-2,5-dione	O=C1NC(C(=O)NC1Cc2ccccc2)Cc3ccc(O)cc3
5'-O-(L-alpha-glutamylsulfamoyl)guanosine	O=C(O)CCC(N)C(=O)NS(=O)(=O)OCC3OC(n1cnc2c1NC(=NC2=O)N)C(O)C3O
5'-O-(L-alpha-glutamylsulfamoyl)inosine	O=C(O)CCC(N)C(=O)NS(=O)(=O)OCC3OC(n2cnc1c2N=CNC1=O)C(O)C3O
9-hydroxy-5,11-dimethyl-4,6-dihydro-1H-pyrido[4,3-b]carbazol-1-one	O=C1N=CCc2c1c(c4c(c2C)nc3ccc(O)cc34)C
(1S)-2-HYDROXY-1-[(NONANOYLOXY)METHYL]ETHYL MYRISTATE	O=C(OC(COC(=O)CCCCCCCC)CO)CCCCCCCCCCCCC
(5S)-3-(4-tert-butylbenzyl)-5-(propan-2-yl)imidazolidine-2,4-dione	O=C1N(C(=O)NC1C(C)C)Cc2ccc(cc2)C(C)(C)C
3-(3-tert-butylphenyl)pyridin-2(1H)-one	O=C2C(c1cc(ccc1)C(C)(C)C)=CC=CN2
2-(1-methyl-1H-indol-3-yl)ethanamine	c1cccc2c1c(cn2C)CCN
1-(4-acetyl-6-pyridin-3-yl-1H-benzimidazol-2-yl)-3-ethylurea	O=C(c2cc(cc1c2nc(n1)NC(=O)NCC)c3cccnc3)C
3,5-bis[2-(6-amino-4-methylpyridin-2-yl)ethyl]benzonitrile	N#Cc1cc(cc(c1)CCc2nc(N)cc(c2)C)CCc3nc(N)cc(c3)C
(11Z,13Z)-hexadeca-11,13-dien-1-ol	OCCCCCCCCCC/C=C\C=C/CC
(11Z,13Z)-hexadeca-11,13-dienal	O=CCCCCCCCCC/C=C\C=C/CC
1H-indole-6-carboxylic acid	O=C(O)c1ccc2c(c1)ncc2
2-methyl-N-(2-sulfanylethyl)-1-benzofuran-3-carboxamide	O=C(c1c2ccccc2oc1C)NCCS
1-tert-butyl-3-(3-chlorophenoxy)-1H-pyrazolo[3,4-d]pyrimidin-4-amine	Clc3cccc(Oc2nn(c1ncnc(c12)N)C(C)(C)C)c3
1-[4-(trifluoromethoxy)phenyl]methanamine	FC(F)(F)Oc1ccc(cc1)CN
N-(2-oxo-2,3-dihydro-1H-benzimidazol-5-yl)glycinamide	O=C(Nc1ccc2c(c1)NC(=O)N2)CN
1-methyl-5-phenyl-1H-pyrazole-4-carboxylic acid	O=C(O)c2c(c1ccccc1)n(nc2)C
3-[[2-(trifluoromethyl)phenyl]methylamino]pyrazine-2-carboxamide	NC(=O)c1nccnc1NCc2ccccc2C(F)(F)F
1-[7-amino-1-(pyrimidin-2-yl)indolizin-3-yl]ethanone	O=C(c1cc(c2cc(ccn12)N)c3ncccn3)C
5-(2,4-DIFLUOROPHENYL)-2-HYDROXY-BENZOIC ACID	O=C(O)c1cc(ccc1O)c2ccc(F)cc2F
2,2'-[(4-chlorobenzene-1,2-diyl)bis(oxy)]bis(5-nitrobenzonitrile)	Clc3cc(Oc1ccc([N+]([O-])=O)cc1C#N)c(Oc2ccc([N+]([O-])=O)cc2C#N)cc3
4-S-(6-O-phosphono-alpha-L-idopyranosyl)-4-thio-beta-D-glucopyranose	O=P(O)(O)OCC2OC(SC1C(OC(O)C(O)C1O)CO)C(O)C(O)C2O
N3Phe-Leu-Leu-Phe(4-NH2CH2)-methyl vinyl sulfone, bound form	NCc1ccc(CC(CCS(C)(=O)=O)NC(=O)C(CC(C)C)NC(=O)C(CC(C)C)NC(=O)C(Cc2ccccc2)/N=[N+]=[N-])cc1
(2S)-2-azido-3-phenylpropanoic acid	O=C(O)C(/N=[N+]=[N-])Cc1ccccc1
(2S)-1-[4-(aminomethyl)phenyl]-4-(methylsulfonyl)butan-2-amine	O=S(=O)(C)CCC(N)Cc1ccc(cc1)CN
(3S,6S)-3,6-bis(4-hydroxybenzyl)piperazin-2-one	O=C2NC(Cc1ccc(O)cc1)CNC2Cc3ccc(O)cc3
HMB-Val-Ser-Phe(4-NH2CH2)-methyl vinyl sulfone, bound form	O=S(=O)(C)CCC(NC(=O)C(NC(=O)C(NC(=O)c1cccc(O)c1C)C(C)C)CO)Cc2ccc(cc2)CN
4-(aminomethyl)-D-phenylalanine	O=C(O)C(N)Cc1ccc(cc1)CN
(3S,6S)-3-(4-hydroxybenzyl)-6-methylpiperazine-2,5-dione	O=C1NC(C(=O)NC1C)Cc2ccc(O)cc2
2-phenyl-N-(4-sulfamoylbenzyl)acetamide	O=S(=O)(N)c1ccc(cc1)CNC(=O)Cc2ccccc2
4-[2-benzyl-7-(trifluoromethyl)-2H-indazol-3-yl]benzene-1,3-diol	FC(F)(F)c2cccc3c(c1ccc(O)cc1O)n(nc23)Cc4ccccc4
2,6-dideoxy-4-O-methyl-alpha-D-galactopyranose	O(C1C(OC(O)CC1O)C)C
4-[2-ethyl-7-(trifluoromethyl)-2H-indazol-3-yl]benzene-1,3-diol	FC(F)(F)c2cccc3c(c1ccc(O)cc1O)n(nc23)CC
N-(5-sulfamoyl-1,3,4-thiadiazol-2-yl)-2-(thiophen-2-yl)acetamide	O=S(=O)(c1nnc(s1)NC(=O)Cc2sccc2)N
4-[1-butyl-7-(trifluoromethyl)-1H-indazol-3-yl]benzene-1,3-diol	FC(F)(F)c1cccc2c1n(nc2c3ccc(O)cc3O)CCCC
4,4'-thiene-2,5-diylbis(3-methylphenol)	Oc3ccc(c2sc(c1c(cc(O)cc1)C)cc2)c(c3)C
5-(2-FORMYLTHIEN-5-YL)-URIDINE-5'-DIPHOSPHATE-ALPHA-D-GALACTOSE	O=Cc4sc(C=1C(=O)NC(=O)N(C=1)C3OC(COP(=O)(O)OP(=O)(OC2OC(CO)C(O)C(O)C2O)O)C(O)C3O)cc4
ethyl (3R)-4-cyano-3-hydroxybutanoate	O=C(OCC)CC(O)CC#N
3-(3,5-dimethyl-1,2-oxazol-4-yl)-5-[(R)-hydroxy(phenyl)methyl]phenol	n3oc(c(c1cc(O)cc(c1)C(O)c2ccccc2)c3C)C
3-(3,5-dimethyl-1,2-oxazol-4-yl)-5-[(S)-hydroxy(phenyl)methyl]phenol	n3oc(c(c1cc(O)cc(c1)C(O)c2ccccc2)c3C)C
8-[(3-bromophenyl)methoxy]-4~{H}-thieno[2,3-c]isoquinolin-5-one	Brc1cccc(COc2ccc3C(=O)Nc4sccc4c3c2)c1
(4S)-4-amino-5-hydroxy-N,N-dimethylpentanamide	O=C(N(C)C)CCC(N)CO
N-[(2S)-2-amino-3-hydroxypropyl]acetamide	O=C(NCC(N)CO)C
3-methylmercaptopropionate-CoA (MMPA-CoA)	O=C(SCCNC(=O)CCNC(=O)C(O)C(C)(C)COP(=O)(O)OP(=O)(O)OCC3OC(n2cnc1c(ncnc12)N)C(O)C3OP(=O)(O)O)CCSC
2-[(3S)-piperidin-3-yl]-1,3-benzoxazole	C1CNC[C@H](C1)c2oc3ccccc3n2
4-[2-(2,4-dihydroindeno[1,2-c]pyrazol-3-yl)ethyl]-2-methoxyphenol	Oc1ccc(cc1OC)CCc2c4c(nn2)c3ccccc3C4
1-hydroxynaphthalene-2-carboxylic acid	O=C(O)c2ccc1ccccc1c2O
4-(2-amino-1-methyl-1H-imidazo[4,5-b]pyridin-6-yl)phenol	n1cc(cc2c1nc(n2C)N)c3ccc(O)cc3
(1S,2S)-2-(3,4-dichlorobenzoyl)cyclopropanecarboxylic acid	O=C(O)C2CC2C(=O)c1ccc(Cl)c(Cl)c1
2-{[(2S)-2-hydroxypropyl]sulfanyl}ethanesulfonic acid	O=S(=O)(O)CCSCC(O)C
2-(1H-indol-3-yl)-N-methylethanamine	c1cccc2c1c(cn2)CCNC
5'-deoxy-5'-({[2-(2,3-dihydroxyphenyl)ethyl]sulfonyl}amino)adenosine	O=S(=O)(NCC3OC(n2cnc1c(ncnc12)N)C(O)C3O)CCc4cccc(O)c4O
((2-(6-amino-9H-purin-9-yl)ethyl)-L-seryl)phosphoramidic acid	Nc1ncnc2n(CCN[C@@H](CO)C(=O)N[P](O)(O)=O)cnc12
Argyrin B	CC[C@H]1NC(=O)CNC(=O)[C@H](Cc2c[nH]c3cccc(OC)c23)NC(=O)[C@H](Cc4c[nH]c5ccccc45)NC(=O)c6csc(n6)[C@@H](C)NC(=O)CN(C)C(=O)C(=C)NC1=O
~{N}-(3-methylsulfanylphenyl)-4~{H}-cyclopenta[b]quinolin-9-amine	CSc1cccc(Nc2c3ccccc3[nH]c4cccc24)c1
(S)-2-(2-(6-amino-9H-purin-9-yl)ethoxy)-3-phosphonopropanoic acid	Nc1ncnc2n(CCO[C@H](C[P](O)(O)=O)C(O)=O)cnc12
N~2~-(PHOSPHONOACETYL)-L-ASPARAGINE	O=C(NC(C(=O)O)CC(=O)N)CP(=O)(O)O
N~6~-[(2R)-3,4-dihydro-2H-pyrrol-2-ylcarbonyl]-L-lysine	O=C(NCCCCC(C(=O)O)N)C1N=CCC1
2-ethylpyridine-4-carboximidothioic acid	CCc1cc(ccn1)C(S)=N
4-chloro-2-{[(2,4,5-trichlorophenyl)sulfonyl]amino}benzoic acid	Clc1cc(c(Cl)cc1Cl)S(=O)(=O)Nc2cc(Cl)ccc2C(=O)O
2-{[(5-bromothiophen-2-yl)sulfonyl]amino}-4-chlorobenzoic acid	O=S(=O)(c1sc(Br)cc1)Nc2cc(Cl)ccc2C(=O)O
2-{[(4-methylphenyl)sulfonyl]amino}-5-phenoxybenzoic acid	O=S(=O)(Nc2ccc(Oc1ccccc1)cc2C(=O)O)c3ccc(cc3)C
[(1S)-1-hydroxypropyl]phosphonic acid	O=P(O)(O)C(O)CC
(2S)-2-methyl-3-(3-phenyl-1,2-oxazol-5-yl)propanoic acid	O=C(O)C(C)Cc2onc(c1ccccc1)c2
2-{[(4-methylphenyl)sulfonyl]amino}-4-phenoxybenzoic acid	O=S(=O)(Nc2cc(Oc1ccccc1)ccc2C(=O)O)c3ccc(cc3)C
1-(4-methoxy-3-methylbenzyl)-1,5,6,7-tetrahydroindeno[5,6-d]imidazole	n3c1c(cc2c(c1)CCC2)n(c3)Cc4ccc(OC)c(c4)C
D-gamma-glutamyl-S-(4-phenylbutyl)-L-cysteinylglycine	O=C(O)C(N)CCC(=O)NC(C(=O)NCC(=O)O)CSCCCCc1ccccc1
(2R)-2-methyl-3-(3-phenyl-1,2-oxazol-5-yl)propanoic acid	C[C@H](Cc1onc(c1)c2ccccc2)C(O)=O
(2S)-hexane-1,2,6-triol	OCCCC[C@H](O)CO
(2R)-2-methyl-1,4-dihydropyrido[2,3-b]pyrazin-3(2H)-one	O=C2Nc1ncccc1NC2C
1-[4-(hydroxymethyl)phenyl]guanidine	[N@H]=C(Nc1ccc(cc1)CO)N
(9-oxoacridin-10(9H)-yl)acetic acid	O=C(O)CN3c1ccccc1C(=O)c2c3cccc2
(2R,3S,4S)-3-formyl-2-hydroxy-4-methylhexanoic acid	O=C(O)C(O)C(C=O)C(CC)C
(1S,2S)-2-[(2R)-2-azanyl-4-phenyl-butyl]cyclopropan-1-amine	N[C@H](CCc1ccccc1)C[C@@H]2C[C@@H]2N
(2-hydroxyethoxy)acetaldehyde	O=CCOCCO
(3S)-7-methylsulfanyl-3-oxidanyl-hept-4-enoic acid	CSCC\C=C/[C@@H](O)CC(O)=O
1-(3-chloranyl-5-iodanyl-pyridin-2-yl)piperazine	Clc1cc(I)cnc1N2CCNCC2
(3beta,9beta,22R,25R)-3-hydroxyfurost-5-en-27-yl propanoate	O=C(OCC(C)CCC5OC4C(C3(C(C1C(C2(C(=CC1)CC(O)CC2)C)CC3)C4)C)C5C)CC
N~5~-(N-methoxycarbamimidoyl)-L-ornithine	O=C(O)C(N)CCCNC(=[N@H])NOC
(S)-2-(3-(6-amino-9H-purin-9-yl)propoxy)-3-phosphonopropanoic acid	Nc1ncnc2n(CCCO[C@H](C[P](O)(O)=O)C(O)=O)cnc12
(2S,3S,4R,5S)-2-(4-methoxyphenyl)-5-methylpyrrolidine-3,4-diol	OC2C(c1ccc(OC)cc1)NC(C)C2O
(3E)-6,7-dichloro-3-(hydroxyimino)-1,3-dihydro-2H-indol-2-one	Clc1ccc\2c(c1Cl)NC(=O)C/2=N\O
[(1E)-1-nitroprop-1-en-2-yl]benzene	O=N(=O)/C=C(/c1ccccc1)C
(2E)-N-benzyl-2-cyano-3-(pyridin-4-yl)prop-2-enamide	N#C/C(C(=O)NCc1ccccc1)=C\c2ccncc2
(2S)-2-cyano-3-(1H-indazol-5-yl)propanamide	N#CC(C(=O)N)Cc1cc2c(cc1)nnc2
1-[(6-aminopyridin-3-yl)methyl]-3-[4-(phenylsulfonyl)phenyl]urea	O=S(=O)(c1ccccc1)c2ccc(cc2)NC(=O)NCc3cnc(N)cc3
2-(2-aminopyridin-1-ium-1-yl)ethanol	Nc1ccccn1CCO
3-(benzoylamino)-2-hydroxybenzoic acid	O=C(O)c2cccc(NC(=O)c1ccccc1)c2O
1-[4-(piperidin-1-ylsulfonyl)phenyl]-3-(pyridin-3-ylmethyl)thiourea	O=S(=O)(c2ccc(NC(=S)NCc1cccnc1)cc2)N3CCCCC3
(2S)-2-hydroxy-4-methyl-pentanoic acid	O=C(O)C(O)CC(C)C
5,6,7,8-tetrahydrothieno[2,3-b]quinolin-4-amine	n1c3c(c(c2c1scc2)N)CCCC3
imidazo[1,2-a]pyridin-5-amine	n1ccn2c(cccc12)N
imidazo[1,2-a]pyridin-6-amine	n1ccn2cc(ccc12)N
1H-pyrrolo[3,2-b]pyridin-6-ylmethanol	n1cc(cc2c1ccn2)CO
(6R)-6-(pyridin-2-yl)-5,6-dihydrobenzimidazo[1,2-c]quinazoline	n2c1c(cccc1)n4c2c5c(NC4c3ncccc3)cccc5
6-HYDRO-1-METHYLADENOSINE-5'-MONOPHOSPHATE	P(O)(=O)(OCC1OC(C(C1O)O)n2cnc3\C(=N)N(C)C=Nc23)O
(2S)-2-AMINO-3-METHYLSULFANYL-BUTANOIC ACID	CS[C@@H](C)[C@@H](N)C(O)=O
1N-METHYLGUANOSINE-5'-MONOPHOSPHATE	O=C1c2ncn(c2N=C(N)N1C)C3OC(C(O)C3O)COP(=O)(O)O
2-(hydroxymethyl)butane-1,4-diol	OCCC(CO)CO
1H-pyrrolo[3,2-b]pyridine-6-carbaldehyde	O=Cc1cc2c(nc1)ccn2
(2S,5R,6S)-2-benzyl-5,6-bis(4-bromophenyl)-4-methylmorpholin-3-one	Brc1ccc(cc1)C3OC(C(=O)N(C3c2ccc(Br)cc2)C)Cc4ccccc4
(2S,5R,6S)-2-benzyl-5,6-bis(4-chlorophenyl)-4-methylmorpholin-3-one	Clc1ccc(cc1)C3OC(C(=O)N(C3c2ccc(Cl)cc2)C)Cc4ccccc4
N-[(4-methylpyrimidin-2-yl)carbamoyl]-2-nitrobenzenesulfonamide	O=C(Nc1nc(ccn1)C)NS(=O)(=O)c2ccccc2[N+]([O-])=O
3-{[2-(4-carboxyphenyl)ethyl]sulfamoyl}thiophene-2-carboxylic acid	O=S(=O)(c1c(scc1)C(=O)O)NCCc2ccc(C(=O)O)cc2
3-{[3-(4-carboxyphenyl)propyl]sulfamoyl}thiophene-2-carboxylic acid	O=S(=O)(c1c(scc1)C(=O)O)NCCCc2ccc(C(=O)O)cc2
1,1'-hexane-1,6-diyldipyrrolidine-2,5-dione	O=C1N(C(=O)CC1)CCCCCCN2C(=O)CCC2=O
1,1'-ethane-1,2-diyldipyrrolidine-2,5-dione	O=C1CCC(N1CCN2C(=O)CCC2=O)=O
(2R)-amino(1-hydroxy-4-propyl-1H-pyrazol-5-yl)ethanoic acid	O=C(O)C(c1c(cnn1O)CCC)N
(2R,4S)-2,4,7-trihydroxyheptanoic acid	O=C(O)C(O)CC(O)CCCO
2-(2-HYDROXY-CYCLOPENTYL)-PENT-4-ENAL	O=CC(C/C=C)C1CCCC1O
5-(4-carboxyphenoxy)-2-{[(4-methylphenyl)sulfonyl]amino}benzoic acid	O=S(=O)(Nc2ccc(Oc1ccc(C(=O)O)cc1)cc2C(=O)O)c3ccc(cc3)C
2-{[(4-bromo-2-fluorophenyl)sulfonyl]amino}-5-phenoxybenzoic acid	O=S(=O)(c1c(F)cc(Br)cc1)Nc3ccc(Oc2ccccc2)cc3C(=O)O
8-ethoxy-4~{H}-thieno[2,3-c]isoquinolin-5-one	CCOc1ccc2C(=O)Nc3sccc3c2c1
 7-alkylidenecephalosporin DCM-1-10, bound form 	O=S1(=O)C(C(=O)OC(C)(C)C)C(C=NC(=C(C1)COC(=O)C)C(=O)O)C=O
4-(1-methyl-1-phenylethyl)phenol	Oc1ccc(cc1)C(c2ccccc2)(C)C
8-methoxy-4~{H}-thieno[2,3-c]isoquinolin-5-one	COc1ccc2C(=O)Nc3sccc3c2c1
(2R,4S,5S)-5-amino-4-hydroxy-2,7-dimethyloctanoic acid	O=C(O)C(C)CC(O)C(N)CC(C)C
4-{bis[4-(dimethylamino)phenyl]methyl}phenol	Oc1ccc(cc1)C(c2ccc(N(C)C)cc2)c3ccc(N(C)C)cc3
2,3-dihydro-1H-inden-1-one	O=C2c1ccccc1CC2
O-(5-hydroxypentyl)-L-tyrosine	O=C(O)C(N)Cc1ccc(OCCCCCO)cc1
(2S)-(4-fluorophenyl)[6-(trifluoromethyl)pyridin-2-yl]ethanenitrile	FC(F)(F)c1nc(ccc1)C(C#N)c2ccc(F)cc2
[(R)-amino(4-carbamimidoylphenyl)methyl]phosphonic acid	O=P(O)(O)C(N)c1ccc(cc1)C(=[N@H])N
{(R)-amino[4-(1H-pyrazol-1-yl)phenyl]methyl}phosphonic acid	O=P(O)(O)C(c1ccc(cc1)n2nccc2)N
[(R)-amino(4-carbamimidamidophenyl)methyl]phosphonic acid	O=P(O)(O)C(c1ccc(NC(=[N@H])N)cc1)N
[(1R)-1-amino-4-carbamimidamidobutyl]phosphonic acid	O=P(O)(O)C(N)CCCNC(=[N@H])N
2-(1H-benzimidazol-1-ylmethyl)-4H-pyrido[1,2-a]pyrimidin-4-one	O=C2C=C(N=C1C=CC=CN12)Cn3c4ccccc4nc3
(3R)-1-ACETYL-3-METHYLPIPERIDINE	O=C(N1CCCC(C)C1)C
4-(carboxymethyl)-L-phenylalanine	O=C(O)C(N)Cc1ccc(cc1)CC(=O)O
1,4-DIPHENYL-2-BUTENE	C(=C/c1ccccc1)\CCc2ccccc2
1-(PHENYL-1-CYCLOHEXYL)PIPERIDINE	c1ccccc1C3(N2CCCCC2)CCCCC3
PENTAETHYLENE GLYCOL	O(CCO)CCOCCOCCOCCO
2-(2-{2-[2-(2-METHOXY-ETHOXY)-ETHOXY]-ETHOXY}-ETHOXY)-ETHANOL	O(CCO)CCOCCOCCOCCOC
2-phenyl-N-[3-(3-sulfamoylphenyl)-2H-indazol-5-yl]acetamide	O=S(=O)(N)c4cccc(c1c2cc(ccc2nn1)NC(=O)Cc3ccccc3)c4
(3R)-3-[(2S)-2-amino-3-oxopropyl]piperidine-1-carboximidamide	O=CC(N)CC1CCCN(C(=[N@H])N)C1
1-(4-methoxyphenyl)cyclopropanecarboxylic acid	O=C(O)C2(c1ccc(OC)cc1)CC2
1-(3-tert-butyl-1-phenyl-1H-pyrazol-5-yl)-3-(2,3-dichlorophenyl)urea	Clc1cccc(c1Cl)NC(=O)Nc3cc(nn3c2ccccc2)C(C)(C)C
(4S)-N~4~-(6-methoxyquinolin-8-yl)pentane-1,4-diamine	COc1cc(N[C@@H](C)CCCN)c2ncccc2c1
CYCLOHEXANE-1(R),2(R)-DIAMINE-PLATINUM(II)	[Pt+2]1NC2C(N1)CCCC2
2-OXO-3-PHENYLPROPIONIC ACID	O=C(C(=O)O)Cc1ccccc1
(4R,6Z)-6-(3-fluoro-4-hydroxyphenyl)-4-hydroxy-6-iminohexan-2-one	Fc1cc(C(=[N@H])CC(O)CC(=O)C)ccc1O
4-(cyclohexylamino)pyrido[3,4-d]pyrimidin-8(7H)-one	O=C1c2ncnc(c2C=CN1)NC3CCCCC3
N-(hydroxymethyl)benzamide	O=C(NCO)c1ccccc1
N-(2-ethoxy-3,5-dimethylbenzyl)-1H-tetrazol-5-amine	n1nnnc1NCc2c(OCC)c(cc(c2)C)C
N-(4,7-dihydro-1H-inden-6-yl)acetamide	O=C(NC2=CCC=1C=CCC=1C2)C
N,N'-(ethane-1,2-diyldibenzene-3,1-diyl)dithiophene-2-carboximidamide	s1cccc1C(=[N@H])Nc2cccc(c2)CCc3cc(ccc3)NC(=[N@H])c4sccc4
{4-[3-(4-fluorophenyl)-1H-pyrazol-4-yl]pyridin-2-yl}methanol	Fc3ccc(c1nncc1c2ccnc(c2)CO)cc3
N-benzyl-4-(pyridin-3-yl)pyrimidin-2-amine	n1c(ccnc1NCc2ccccc2)c3cccnc3
ethyl pyrazolo[1,5-a]pyridine-3-carboxylate	O=C(OCC)c1c2ccccn2nc1
(3S)-3-methyl-2-oxopentanoic acid	O=C(C(=O)O)C(C)CC
(2R)-2,3-dihydroxypropyl dodecanoate	O=C(OCC(O)CO)CCCCCCCCCCC
dodecyl hydrogen (S)-(3-azidopropyl)phosphonate	[N-]=[N+]=N\CCCP(=O)(OCCCCCCCCCCCC)O
tetradecyl hydrogen (R)-(3-azidopropyl)phosphonate	[N-]=[N+]=N\CCCP(=O)(OCCCCCCCCCCCCCC)O
hexadecyl hydrogen (R)-(3-azidopropyl)phosphonate	[N-]=[N+]=N\CCCP(=O)(OCCCCCCCCCCCCCCCC)O
3-hydroxy-5-(3-nitrophenoxy)benzoic acid	O=C(O)c2cc(Oc1cccc(c1)[N+]([O-])=O)cc(O)c2
L-gamma-glutamyl-S-[2-(4-nitrophenyl)-2-oxoethyl]-L-cysteinylglycine	O=[N+]([O-])c1ccc(C(=O)CSCC(C(=O)NCC(=O)O)NC(=O)CCC(C(=O)O)N)cc1
7-(4-fluorophenyl)-3-hydroxyquinolin-2(1H)-one	Fc3ccc(c1ccc2c(c1)NC(=O)C(O)=C2)cc3
1-ALPHA-D-RIBOFURANOSYL-BENZIMIAZOLE-5'-PHOSPHATE	O=P(O)(O)OCC3OC(n2cnc1ccccc12)C(O)C3O
vanadium(5+) hydroxide 2-(2-hydroxyethoxy)ethanolate (1:4:1)	O[V](OCCOCCO)(O)(O)O
1-(piperidin-4-yl)-1,6-dihydroimidazo[4,5-d]pyrrolo[2,3-b]pyridine	n4c1nccc1c2c(ncn2C3CCNCC3)c4
4-amino-2-oxo-1,2-dihydropyrimidine-5-carboxylic acid	O=C1N=C(N)C(C(=O)O)=CN1
Lamivudine Triphosphate	NC1=NC(=O)N(C=C1)[C@@H]2CS[C@H](CO[P](O)(=O)O[P](O)(=O)O[P](O)(O)=O)O2
alpha-muramic acid	O=C(O)C(OC1C(O)C(OC(O)C1N)CO)C
5-(4-amino-2-methylphenoxy)-2-hexyl-4-hydroxy-1-methylpyridinium	O(c1c[n+](c(cc1O)CCCCCC)C)c2ccc(N)cc2C
5'-O-THIOPHOSPHONOCYTIDINE	O=P(O)(S)OCC2OC(N1C(=O)N=C(N)C=C1)C(O)C2O
(1S)-1,5-anhydro-1-sulfamoyl-D-galactitol	O=S(=O)(N)C1OC(C(O)C(O)C1O)CO
N-{4-[(4-hydroxy-3-nitrobenzoyl)amino]phenyl}pyridine-2-carboxamide	O=C(Nc2ccc(NC(=O)c1ccc(O)c([N+]([O-])=O)c1)cc2)c3ncccc3
1-(3-nitrophenyl)dihydropyrimidine-2,4(1H,3H)-dione	[O-][N+](=O)c1cc(ccc1)N2C(=O)NC(=O)CC2
2-(methylamino)ethyl dihydrogen phosphate	O=P(OCCNC)(O)O
(2S)-pentane-1,2-diol	OCC(O)CCC
(1R,4aS,7S,8aR)-1,4a-dimethyl-7-(prop-1-en-2-yl)decahydroquinolinium	C=C(\C1CCC2(C(C1)[NH+](C)CCC2)C)C
stearoyl adenylate	CCCCCCCCCCCCCCCCCC(=O)OP(=O)(O)OCC1OC(n2cnc3c(N)ncnc32)C(O)C1O
N-(pyren-1-yl)acetamide	O=C(Nc4ccc2ccc1cccc3c1c2c4cc3)C
Triamcinolone acetonide	C1(=O)C=CC2(C)C(=C1)CCC3C2(C(O)CC4(C)C3CC5C4(C(CO)=O)OC(C)(C)O5)F
3-[(E)-(2-oxidanylidene-1H-indol-3-ylidene)methyl]benzoic acid	O=C(O)c1cccc(c1)\C=C3/c2ccccc2NC3=O
palmitoyl adenylate	CCCCCCCCCCCCCCCC(=O)OP(=O)(O)OCC1OC(n2cnc3c(N)ncnc32)C(O)C1O
1,8-dihydroxy-3-methyltetraphene-6,7,12(5H)-trione	O=C2C4=C(C(=O)c1c(O)cccc12)C(=O)Cc3cc(cc(O)c34)C
4,4'-(3-amino-1H-pyrazole-4,5-diyl)diphenol	Oc3ccc(c2c(c1ccc(O)cc1)c(nn2)N)cc3
5-hexyl-2-(2-nitrophenoxy)phenol	[O-][N+](=O)c2c(Oc1ccc(cc1O)CCCCCC)cccc2
6-(FORMYLAMINO)-7-HYDROXY-L-TRYPTOPHAN	O=C(O)C(N)Cc2c1ccc(c(O)c1nc2)NC=O
4-(3,5-difluoro-4-hydroxybenzyl)-1,2-dimethyl-1H-imidazol-5-ol	Fc1cc(cc(F)c1O)Cc2nc(n(c2O)C)C
(2S)-2-amino-7-methoxy-7-oxoheptanoic acid	O=C(OC)CCCCC(C(=O)O)N
5-chloro-3-sulfamoylthiophene-2-carboxylic acid	O=S(=O)(c1c(sc(Cl)c1)C(=O)O)N
6-[(phenylcarbamoyl)amino]naphthalene-2-carboximidamide	O=C(Nc1ccccc1)Nc3cc2ccc(C(=[N@H])N)cc2cc3
N-{[3-(2-chlorophenyl)-5-methyl-1,2-oxazol-4-yl]carbonyl}glycine	O=C(O)CNC(=O)c2c(onc2c1c(Cl)cccc1)C
1,3-diethyl-2-thioxodihydropyrimidine-4,6(1H,5H)-dione	S=C1N(C(=O)CC(=O)N1CC)CC
(4R,4aS,8aS)-4-phenyldecahydroquinolin-4-ol	OC2(c1ccccc1)C3C(NCC2)CCCC3
(3S)-3-amino-5-[(2,6-dimethylbenzoyl)oxy]-4-oxopentanoic acid	O=C(O)CC(N)C(=O)COC(=O)c1c(cccc1C)C
(2E)-2-amino-3-[(1E)-3-oxoprop-1-en-1-yl]but-2-enedioic acid	O=C(O)C(=C(/C=C\C=O)C(=O)O)/N
2-amino-5-(phenylsulfanyl)-3,9-dihydro-4H-pyrimido[4,5-b]indol-4-one	O=C3c4c2c(Sc1ccccc1)cccc2nc4N=C(N)N3
methyl 2-(acetylamino)-1,3-benzothiazole-6-carboxylate	O=C(OC)c1ccc2nc(sc2c1)NC(=O)C
2-[(7-carbamimidoyl-2-methoxynaphthalen-1-yl)oxy]acetamide	O=C(N)COc1c2c(ccc1OC)ccc(c2)C(=[N@H])N
4-(4-oxo-4H-chromen-2-yl)benzoic acid	O=C(O)c3ccc(C=2Oc1ccccc1C(=O)C=2)cc3
2-(2-chloranylphenoxy)-5-hexyl-phenol	Clc2ccccc2Oc1ccc(cc1O)CCCCCC
2-[4-(dimethylamino)phenyl]-4H-chromen-4-one	O=C1c3c(OC(=C1)c2ccc(N(C)C)cc2)cccc3
ethyl 4-(4-oxo-4H-chromen-2-yl)benzoate	O=C(OCC)c3ccc(C=2Oc1ccccc1C(=O)C=2)cc3
4-(4-oxo-4H-chromen-2-yl)benzonitrile	N#Cc3ccc(C=2Oc1ccccc1C(=O)C=2)cc3
2-(4-nitrophenyl)-4H-chromen-4-one	[O-][N+](=O)c3ccc(C=2Oc1ccccc1C(=O)C=2)cc3
2-(4-chlorophenyl)-4H-chromen-4-one	Clc3ccc(C=2Oc1ccccc1C(=O)C=2)cc3
4-(4-benzylphenyl)-1,3-thiazol-2-amine	n3c(c1ccc(cc1)Cc2ccccc2)csc3N
2-(1,3-benzodioxol-5-yl)-4H-chromen-4-one	O=C1c4c(OC(=C1)c3ccc2OCOc2c3)cccc4
2-{4-[(4-methylpiperazin-1-yl)carbonyl]phenyl}-4H-chromen-4-one	O=C(N1CCN(C)CC1)c4ccc(C=3Oc2ccccc2C(=O)C=3)cc4
2-[4-(1H-tetrazol-5-yl)phenyl]-4H-chromen-4-one	O=C1c4c(OC(=C1)c3ccc(c2nnnn2)cc3)cccc4
ethyl 2-[3-[(4-azanyl-1,2,5-oxadiazol-3-yl)carbonyl]phenoxy]ethanoate	O=C(c1cccc(OCC(=O)OCC)c1)c2nonc2N
(4-azanyl-1,2,5-oxadiazol-3-yl)-phenyl-methanone	O=C(c1ccccc1)c2nonc2N
N-(phenylacetyl)glycyl-N~6~-acetyl-L-lysine	O=C(NCC(=O)NC(C(=O)O)CCCCNC(=O)C)Cc1ccccc1
2-(2-methyl-5-nitro-1H-imidazol-1-yl)ethyl sulfamate	[O-][N+](=O)c1cnc(n1CCOS(=O)(=O)N)C
(3R)-3-amino-4-methylpentanoic acid	O=C(O)CC(N)C(C)C
propionyl Coenzyme A	O=C(SCCNC(=O)CCNC(=O)C(O)C(C)(C)COP(=O)(O)OP(=O)(O)OCC3OC(n2cnc1c(ncnc12)N)C(O)C3OP(=O)(O)O)CC
4-(pyrrolidin-1-yl)-1-{4-[2-(pyrrolidin-1-yl)ethyl]phenyl}piperidine	N4(c1ccc(cc1)CCN2CCCC2)CCC(N3CCCC3)CC4
5-methoxybenzene-1,3-dicarboxylic acid	O=C(O)c1cc(OC)cc(C(=O)O)c1
4-(2-chlorophenyl)-5-methyl-1H-pyrazole	Clc1ccccc1c2c(nnc2)C
3-sulfanylpyridine-2-carboxylic acid	O=C(O)c1ncccc1S
(2S)-1-phenylpropan-2-amine	NC(Cc1ccccc1)C
4-[(2S)-2-(methylamino)propyl]phenol	Oc1ccc(cc1)CC(NC)C
2,5-dihydroxycyclohexa-2,5-diene-1,4-dione	O=C1C(O)=CC(=O)C(O)=C1
(5beta)-11-hydroxyabieta-7,9(11),13-triene-6,12-dione	O=C2C(=CC1=CC(=O)C3C(C1=C2O)(CCCC3(C)C)C)C(C)C
(3S)-1-(4,4-diphenylbut-3-enyl)piperidine-3-carboxylic acid	OC(=O)[C@H]1CCCN(CCC=C(c2ccccc2)c3ccccc3)C1
6-[4-(aminomethyl)-2-fluorophenoxy]-2,1-benzoxaborol-1(3H)-ol	Fc3cc(ccc3Oc2ccc1c(B(O)OC1)c2)CN
(2S)-2,3-dihydroxypropyl (7Z)-tetradec-7-enoate	O=C(OCC(O)CO)CCCCC/C=C/CCCCCC
{5-chloro-2-[(4-iodobenzyl)carbamoyl]phenoxy}acetic acid	O=C(c1c(OCC(=O)O)cc(Cl)cc1)NCc2ccc(I)cc2
(2S)-2-aminooct-7-enoic acid	O=C(O)C(N)CCCC/C=C
3,4-dihydroisoquinoline-2(1H)-carboxylic acid	O=C(O)N2Cc1c(cccc1)CC2
2,3-dideoxy-5-O-phosphono-alpha-D-ribofuranose	O=P(OCC1OC(O)CC1)(O)O
O-[(2E)-3-AMINOPROP-2-ENOYL]-L-SERINE	O=C(OCC(C(=O)O)N)\C=C\N
4-amino-2-bromothieno[3,2-c]pyridine-7-carboxamide	O=C(c2c1sc(Br)cc1c(nc2)N)N
4-aminothieno[3,2-c]pyridine-2,7-dicarboxamide	O=C(c2c1sc(cc1c(nc2)N)C(=O)N)N
2-{[(carbamoylsulfanyl)acetyl]amino}benzoic acid	O=C(Nc1ccccc1C(=O)O)CSC(=O)N
(3R,7E,10E)-3-hydroxy-4-oxododeca-7,10-dienamide	O=C(CC/C=C/C/C=C/C)C(O)CC(=O)N
4-amino-1,7-dihydro-6H-pyrazolo[3,4-d]pyrimidine-6-thione	S=C1N=C(c2c(N1)nnc2)N
5-(3-chloro-4-fluorophenyl)furan-2-carboxylic acid	Fc1ccc(cc1Cl)c2oc(C(=O)O)cc2
(2R)-4-hydroxy-2,5-dimethylfuran-3(2H)-one	O=C1C(O)=C(OC1C)C
(4R)-3,4-dihydro-2H-chromen-4-amine	O2c1ccccc1C(N)CC2
(2S)-amino(4,4-difluorocyclohexyl)ethanoic acid	FC1(F)CCC(C(C(=O)O)N)CC1
(3S,7R,8aR)-7-ethoxyoctahydropyrrolo[1,2-a]pyrazine-3-carboxylic acid	O=C(O)C1NCC2N(C1)CC(OCC)C2
(3S,8aR)-octahydropyrrolo[1,2-a]pyrazine-3-carboxylic acid	O=C(O)C2NCC1N(CCC1)C2
(1R)-1,2,3,4-tetrahydronaphthalen-1-amine	c1ccc2c(c1)CCCC2N
4-fluorobenzoic acid	Fc1ccc(C(=O)O)cc1
(2R,3R,4S,5R,6S)-2,3,4,5,6,7-hexahydroxyheptyl dihydrogen phosphate	O=P(OCC(O)C(O)C(O)C(O)C(O)CO)(O)O
2-(trimethyl-lambda~5~-arsanyl)ethanol	OCC[As](C)(C)C
vibralactone, bound form	O=CC1(C=C(CC1O)CO)C\C=C(/C)C
(5,6-dimethyl-9-oxo-9H-xanthen-4-yl)acetic acid	O=C(O)Cc3cccc1c3Oc2c(C1=O)ccc(c2C)C
territrem B	O=C4OC(c1cc(OC)c(OC)c(OC)c1)=CC=5OC3(C(O)(C2(C(=O)C=CC(C2(O)CC3)(C)C)C)CC4=5)C
Dihydrotanshinone I	O=C2c3c(C=1OCC(C=1C2=O)C)ccc4c(cccc34)C
3-[(2-methylbenzyl)sulfanyl]-4H-1,2,4-triazol-4-amine	S(c1nncn1N)Cc2ccccc2C
N-[(2R)-2-(4'-cyanobiphenyl-4-yl)propyl]propane-2-sulfonamide	N#Cc2ccc(c1ccc(cc1)C(CNS(=O)(=O)C(C)C)C)cc2
4-(4-fluorophenyl)-3-methyl-1H-pyrazole	Fc2ccc(c1cnnc1C)cc2
4-phenyl-3-(trifluoromethyl)-1H-pyrazole	FC(F)(F)c2nncc2c1ccccc1
N-[(1S)-1-benzyl-3-diazen-1-iumylidene-2-oxopropyl]glycinamide	[N-]=[N+]=C\C(=O)C(NC(=O)CN)Cc1ccccc1
(4-azanyl-1,2,5-oxadiazol-3-yl)-(3-methoxyphenyl)methanone	O=C(c1cccc(OC)c1)c2nonc2N
5,6-bis(4-fluorophenyl)pyridine-2,3-diol	Fc3ccc(c2nc(O)c(O)cc2c1ccc(F)cc1)cc3
N-[(4-cyanophenyl)methyl]methanethioamide	N#Cc1ccc(cc1)CNC=S
5'-O-[(S)-(dodecanoyloxy)(hydroxy)phosphoryl]adenosine	O=P(OC(=O)CCCCCCCCCCC)(O)OCC3OC(n2cnc1c(ncnc12)N)C(O)C3O
3-AMIDO-5-BIPHENYL-BENZOIC ACID	O=C(c3cc(c2ccc(c1ccccc1)cc2)cc(c3)C(=O)O)N
BROMIC ACID	O=Br(=O)O
1,5-DIHYDROIMIDAZO[4,5-C][1,2,6]THIADIAZIN-4(3H)-ONE 2,2-DIOXIDE	O=C2c1c(ncn1)NS(=O)(=O)N2
2-AMINO-4-HYDROXYPYRIMIDINE-5-CARBOXYLIC ACID ETHYL ESTER	O=C(OCC)c1cnc(nc1O)N
2-(2,6-DICHLOROPHENYL)-1,3-BENZOXAZOLE-6-CARBOXYLIC ACID	Clc3cccc(Cl)c3c1nc2ccc(cc2o1)C(=O)O
2-(3-hydroxyphenyl)-4H-chromen-4-one	O=C1c3c(OC(=C1)c2cccc(O)c2)cccc3
2-(4-fluorophenyl)-4H-chromen-4-one	Fc3ccc(C=2Oc1ccccc1C(=O)C=2)cc3
(2beta,3beta,5beta,22R)-2,3,14,20,22,25-hexahydroxycholest-7-en-6-one	O=C1C=C3C(C2(CC(O)C(O)CC12)C)CCC4(C)C(C(O)(C)C(O)CCC(O)(C)C)CCC34O
7-chloro-3-methyl-2H-1,2,4-benzothiadiazine 1,1-dioxide	Clc1ccc2N=C(NS(=O)(=O)c2c1)C
(4-phenoxyphenyl)methylazanium	O(c1ccccc1)c2ccc(cc2)C[NH3+]
N-[4-(acetylamino)phenyl]cyclopropanecarboxamide	O=C(Nc1ccc(NC(=O)C)cc1)C2CC2
(1S,2S)-2-phenyl-N-(pyridin-4-yl)cyclopropanecarboxamide	O=C(Nc1ccncc1)C3CC3c2ccccc2
N-[4-(phenylsulfonyl)benzyl]-2H-pyrazolo[3,4-b]pyridine-5-carboxamide	O=S(=O)(c1ccccc1)c2ccc(cc2)CNC(=O)c3cc4cnnc4nc3
BETA-D-FRUCTOFURANOSYL 6-O-OCTANOYL-ALPHA-D-GLUCOPYRANOSIDE	O=C(OCC2OC(OC1(OC(C(O)C1O)CO)CO)C(O)C(O)C2O)CCCCCCC
4-(acetylamino)-N-[2-amino-5-(thiophen-2-yl)phenyl]benzamide	O=C(Nc1ccc(cc1)C(=O)Nc2c(N)ccc(c2)c3sccc3)C
2,2',2''-NITRILOTRIETHANOL	OCCN(CCO)CCO
(2S)-HEX-5-ENE-1,2-DIOL	OCC(O)CC\C=C
cyclohexylmethyl 2-formylphenyl hydrogen (S)-phosphate	c1ccc(c(c1)OP(O)(OCC2CCCCC2)=O)C=O
6-(4-fluorophenyl)-5-[4-(1H-tetrazol-5-yl)phenyl]pyridine-2,3-diol	Fc1ccc(cc1)c4nc(O)c(O)cc4c3ccc(c2nnnn2)cc3
naphthalene-1,5-disulfonic acid	O=S(=O)(O)c1cccc2c1cccc2S(=O)(=O)O
5-amino-1-tert-butyl-3-(quinolin-2-yl)-1H-pyrazole-4-carboxamide	O=C(c3c(N)n(nc3c1nc2c(cc1)cccc2)C(C)(C)C)N
N-{1-[N-(2,4-dichlorophenyl)glycyl]piperidin-4-yl}ethanesulfonamide	O=C(N1CCC(NS(=O)(=O)CC)CC1)CNc2ccc(Cl)cc2Cl
N-{1-[(2,4-dichlorophenoxy)acetyl]piperidin-4-yl}ethanesulfonamide	O=C(N1CCC(NS(=O)(=O)CC)CC1)COc2ccc(Cl)cc2Cl
4-[4-(2-adamantylcarbamoyl)-5-tert-butyl-pyrazol-1-yl]benzoic acid	O=C(O)c1ccc(cc1)n2ncc(c2C(C)(C)C)C(=O)NC5C3CC4CC(C3)CC5C4
D-leucyl-N-(3-chlorobenzyl)-L-prolinamide	O=C(NCc1cccc(Cl)c1)C2N(C(=O)C(N)CC(C)C)CCC2
3-[(4-amino-5-benzoyl-1,3-thiazol-2-yl)amino]benzenesulfonamide	O=S(=O)(c3cc(Nc1nc(c(s1)C(=O)c2ccccc2)N)ccc3)N
1-{4-[(2,4-dichlorophenoxy)acetyl]piperazin-1-yl}propan-1-one	O=C(N1CCN(C(=O)CC)CC1)COc2ccc(Cl)cc2Cl
4-{[(2-amino-4-oxo-3,4-dihydropteridin-6-yl)methyl]amino}benzoic acid	O=C(O)c1ccc(cc1)NCc3nc2c(N=C(N)NC2=O)nc3
(4-fluorophenyl)(pyridin-4-yl)methanone	O=C(c1ccc(F)cc1)c2ccncc2
N-[(2S)-2-amino-3-phenylpropyl]-L-tyrosine	O=C(O)C(NCC(N)Cc1ccccc1)Cc2ccc(O)cc2
(3E,5R)-5-fluoro-6-(2-fluorophenyl)-2,6-dioxohex-3-enoic acid	O=C(c1ccccc1F)C(F)\C=C\C(=O)C(=O)O
5-phenylthieno[2,3-d]pyrimidin-4(3H)-one	O=C2NC=Nc1scc(c12)c3ccccc3
2-(2-METHYLPHENYL)-1H-INDOLE-6-CARBOXIMIDAMIDE	[N@H]=C(c1ccc2c(c1)nc(c2)c3ccccc3C)N
(2R)-2-(aminomethyl)-2-hydroxy-4-phenylbutanoic acid	O=C(O)C(O)(CCc1ccccc1)CN
2-(2-methyl-5-phenyl-1H-indole-3-yl)ethan-1-amine	Cc1[nH]c2ccc(cc2c1CCN)c3ccccc3
7-chloranyl-6-[(3S)-pyrrolidin-3-yl]oxy-2H-isoquinolin-1-one	O=C3NC=Cc2cc(OC1CCNC1)c(Cl)cc23
D-phenylalanyl-N-(3-chlorobenzyl)-L-prolinamide	O=C(NCc1cccc(Cl)c1)C3N(C(=O)C(N)Cc2ccccc2)CCC3
4-(hexylamino)-5-nitro-2-[(pyridin-3-ylmethyl)amino]benzamide	[O-][N+](=O)c2c(NCCCCCC)cc(NCc1cccnc1)c(C(=O)N)c2
6-[(Z)-AMINO(IMINO)METHYL]-N-[4-(AMINOMETHYL)PHENYL]-2-NAPHTHAMIDE	O=C(Nc1ccc(cc1)CN)c3cc2ccc(C(=[N@H])N)cc2cc3
(2S,3R)-2,3-dihydroxy-2-methylbutanoic acid	O=C(O)C(O)(C)C(O)C
(2Z)-2-AMINO-3-PHENYLACRYLIC ACID	O=C(O)C(/N)=C/c1ccccc1
oxo(2-sulfanylphenyl)acetic acid	O=C(c1ccccc1S)C(=O)O
2-(3-METHYLPHENYL)-1H-INDOLE-5-CARBOXIMIDAMIDE	[N@H]=C(c1cc2c(cc1)nc(c2)c3cccc(c3)C)N
(2R)-2-benzyl-3-nitropropanoic acid	[O-][N+](=O)CC(C(=O)O)Cc1ccccc1
3-(propanoylamino)-L-alanine	O=C(NCC(N)C(=O)O)CC
(S)-2-AMINO-3-(6H-SELENOLO[2,3-B]-PYRROL-4-YL)-PROPIONIC ACID	O=C(O)C(N)Cc2c1cc[se]c1nc2
2',3'-DIDEOXY-THYMIDINE-5'-TRIPHOSPHATE	CC1=CN([C@H]2CC[C@@H](CO[P@](O)(=O)O[P@@](O)(=O)O[P](O)(O)=O)O2)C(=O)NC1=O
beta-phenyl-D-phenylalanyl-N-(3-chlorobenzyl)-L-prolinamide	O=C(NCc1cccc(Cl)c1)C4N(C(=O)C(N)C(c2ccccc2)c3ccccc3)CCC4
methyl 2-(hydroxymethyl)prop-2-enoate	O=C(OC)/C(=C)CO
(9Z,11E,13S)-13-hydroxyoctadeca-9,11-dienoic acid	O=C(O)CCCCCCC/C=C\C=C\C(O)CCCCC
[5-HYDROXY-2-(4-HYDROXYPHENYL)-1-BENZOFURAN-7-YL]ACETONITRILE	N#CCc3cc(O)cc1c3oc(c1)c2ccc(O)cc2
1-(2-chloropyridin-4-yl)-3-phenylurea	Clc2nccc(NC(=O)Nc1ccccc1)c2
1-benzyl-3-(2-chloropyridin-4-yl)urea	Clc2nccc(NC(=O)NCc1ccccc1)c2
(3R)-3-amino-2,2-difluoro-3-(4-hydroxyphenyl)propanoic acid	O=C(O)C(F)(F)C(N)c1ccc(O)cc1
(2,4-DIFLUOROPHENYL)METHANOL	Fc1cc(F)ccc1CO
N-(2,4-dichlorobenzyl)-4-(pyrimidin-2-yloxy)piperidine-1-carboxamide	Clc1ccc(CNC(=O)N2CCC(CC2)Oc3ncccn3)c(Cl)c1
3-(4-hydroxybenzyl)-1-(thiophen-2-yl)chromeno[2,3-c]pyrrol-9(2H)-one	O=C1c4c(Oc2ccccc12)c(nc4c3sccc3)Cc5ccc(O)cc5
uridine-5'-diphosphate-3-O-(R-3-hydroxymyristoyl)-glucosamine	O=C1C=CN(C(=O)N1)C2OC(C(O)C2O)COP(=O)(OP(=O)(OC3OC(C(O)C(OC(=O)CC(O)CCCCCCCCCCC)C3N)CO)O)O
(2S)-2-{[HYDROXY(4-IODOBENZYL)PHOSPHORYL]METHYL}PENTANEDIOIC ACID	Ic1ccc(cc1)CP(=O)(O)CC(C(=O)O)CCC(=O)O
(2R)-2-[(4-benzylphenoxy)methyl]pyrrolidine	O(c1ccc(cc1)Cc2ccccc2)CC3NCCC3
1-butanoyl-N-(4-carbamimidoylbenzyl)-L-prolinamide	O=C(NCc1ccc(C(=[N@H])N)cc1)C2N(C(=O)CCC)CCC2
N-[amino(imino)methyl]-2-(2,5-diphenyl-1H-pyrrol-1-yl)acetamide	O=C(NC(=[N@H])N)Cn2c(ccc2c1ccccc1)c3ccccc3
(1-HYDROXYNONANE-1,1-DIYL)BIS(PHOSPHONIC ACID)	O=P(O)(O)C(O)(CCCCCCCC)P(=O)(O)O
10,11-dimethoxy-4-methyldibenzo[c,f]-2,7-naphthyridine-3,6-diamine	n2c1cc(OC)c(OC)cc1c4c(c2)c(nc3c(c(N)ccc34)C)N
PHENYL(SULFO)ACETIC ACID	O=S(=O)(O)C(C(=O)O)c1ccccc1
(2-chloroethoxy)benzene	2-chloroethyl
1-(methylsulfanyl)-4-nitrobenzene	methyl
5'-O-MONOPHOSPHORYLADENYLYL(2'->5')ADENYLYL(2'->5')ADENOSINE	O=P(O)(O)OCC9OC(n1c2ncnc(N)c2nc1)C(OP(=O)(O)OCC8OC(n4cnc3c(ncnc34)N)C(OP(=O)(O)OCC7OC(n5c6ncnc(N)c6nc5)C(O)C7O)C8O)C9O
2-(4-bromophenyl)-3,4-dihydroquinazolin-4-one	Brc3ccc(C2=Nc1c(cccc1)C(=O)N2)cc3
(3,5-di-tert-butylphenyl)boronic acid	OB(O)c1cc(cc(c1)C(C)(C)C)C(C)(C)C
5-methyl-7-phenyl[1,2,4]triazolo[1,5-a]pyrimidin-2-amine	n2c(cc(c1ccccc1)n3nc(nc23)N)C
N-[3-(2-methyl-1-oxidoquinolin-4-yl)phenyl]acetamide	O=C(Nc3cccc(c2c1c(cccc1)[n+]([O-])c(c2)C)c3)C
(1R,2S,3S,4R,5S)-5-aminocyclohexane-1,2,3,4-tetrol	OC1CC(N)C(O)C(O)C1O
1-(sulfamoylamino)methyl-1,2-dicarba-closo-dodecaborane	N[S](=O)(=O)NC[C]1234[B]567[B]89%10[B]%11%12%13[B]58%14[B]%11%15%16[B]%12%17%18[B]9%13%19[B]16%10[B]2%17%19[C]3%15%18[B]47%14%16
1-(sulfamoylamino)methyl-1,7-dicarba-closo-dodecaborane	N[S](=O)(=O)NC[C]1234[B]567[B]89%10[B]5%11%12[B]8%13%14[B]9%15%16[B]16%10[B]2%15%17[B]3%18%19[B]%11%13([B]47%12%18)[C]%14%16%17%19
2-(bromomethyl)-1,3-difluorobenzene	BrCc1c(F)cccc1F
2-FORMYLPHENYL DIHYDROGEN PHOSPHATE	O=P(Oc1ccccc1C=O)(O)O
1-(azidomethyl)-3-methylbenzene	3-methylbenzyl
(phenylamino)acetonitrile	N#CCNc1ccccc1
2-(propylsulfanyl)ethanol	OCCSCCC
(1R)-3-chloro-1-phenylpropan-1-ol	ClCCC(O)c1ccccc1
7-(sulfamoylamino)methyl-7,8-dicarba-nido-undecaborane	N[S](=O)(=O)NC[C+]123[B-]45[B-]67[B+]89[C@@]1%10[B]8%11%12[B]69%13[B]47%14[B]25%15[B]3%10%11[B]%12%13%14%15
2-{3-[(4-amino-2-methylpyrimidin-5-yl)methyl]phenyl}ethanol	n1c(N)c(cnc1C)Cc2cccc(c2)CCO
N-[(biphenyl-4-yloxy)acetyl]-beta-D-glucopyranosylamine	O=C(NC1OC(C(O)C(O)C1O)CO)COc3ccc(c2ccccc2)cc3
2-AMINO-6-OXOPIMELIC ACID	O=C(O)C(=O)CCCC(N)C(=O)O
N-[(2E)-3-(biphenyl-4-yl)prop-2-enoyl]-beta-D-glucopyranosylamine	O=C(NC1OC(C(O)C(O)C1O)CO)\C=C\c3ccc(c2ccccc2)cc3
(3R)-3-hydroxy-2,4-dioxopentyl dihydrogen phosphate	O=P(OCC(=O)C(O)C(=O)C)(O)O
N-(4-carbamimidoylbenzyl)-1-(4-methylpentanoyl)-L-prolinamide	O=C(NCc1ccc(C(=[N@H])N)cc1)C2N(C(=O)CCC(C)C)CCC2
N-[(3R)-3-(4-ethylphenyl)butanoyl]-beta-D-glucopyranosylamine	O=C(NC1OC(C(O)C(O)C1O)CO)CC(c2ccc(cc2)CC)C
4-(6-HYDROXY-BENZO[D]ISOXAZOL-3-YL)BENZENE-1,3-DIOL	n2oc1cc(O)ccc1c2c3ccc(O)cc3O
1-(1-methyl-1H-pyrrol-2-yl)methanamine	NCc1cccn1C
(Z)-2-[2-(4-methylpiperazin-1-yl)benzyl]diazenecarbothioamide	S=C(/N=N\Cc2c(N1CCN(C)CC1)cccc2)N
1-bromonaphthalene-2-carboxylic acid	O=C(O)c2ccc1ccccc1c2Br
4-(4-OXO-1,4-DIHYDROQUINAZOLIN-2-YL)BENZONITRILE	N#Cc3ccc(C2=Nc1c(cccc1)C(=O)N2)cc3
benzyl butyl benzene-1,2-dicarboxylate	O=C(OCc1ccccc1)c2ccccc2C(=O)OCCCC
butyl 4-hydroxybenzoate	O=C(OCCCC)c1ccc(O)cc1
4-(2,4,4-trimethylpentan-2-yl)phenol	Oc1ccc(cc1)C(CC(C)(C)C)(C)C
bis(2,4-dihydroxyphenyl)methanone	O=C(c1ccc(O)cc1O)c2ccc(O)cc2O
4,4'-(2,2,2-trichloroethane-1,1-diyl)diphenol	ClC(Cl)(Cl)C(c1ccc(O)cc1)c2ccc(O)cc2
(2R)-2-(4-cyclohexylnaphthalen-1-yl)propanoic acid	O=C(O)C(c2ccc(c1ccccc12)C3CCCCC3)C
1-[2-(4-benzylphenoxy)ethyl]pyrrolidine	O(c1ccc(cc1)Cc2ccccc2)CCN3CCCC3
[2-amino-3-(4-bromobenzoyl)phenyl]acetic acid	O=C(c1ccc(Br)cc1)c2cccc(c2N)CC(=O)O
N-(4-carbamimidoylbenzyl)-1-(3-phenylpropanoyl)-L-prolinamide	O=C(NCc1ccc(C(=[N@H])N)cc1)C3N(C(=O)CCc2ccccc2)CCC3
(3R,4S,5S)-5-amino-3,7-dimethyloctan-4-ol	OC(C(CC)C)C(N)CC(C)C
AMMOSAMIDE 272	O=C(OC)c2nc1c(cc(N)c3c1c(c2)C(=O)N3C)N
5-bromo-3-hydroxypyridin-2(1H)-one	BrC1=CNC(=O)C(O)=C1
4-amino-2-[(4-sulfamoylphenyl)amino]-1,3-thiazole-5-carboxamide	O=S(=O)(N)c2ccc(Nc1nc(c(s1)C(=O)N)N)cc2
(3S)-1-{[4-(BUT-2-YN-1-YLOXY)PHENYL]SULFONYL}PYRROLIDINE-3-THIOL	O=S(=O)(c1ccc(OCC#CC)cc1)N2CCC(S)C2
(4S)-4-methyl-1,4,5,6-tetrahydropyridin-2-amine	NC1=CC(C)CCN1
(2R,4R,5R)-2,4,5-trimethyl-1,3-oxazolidine	O1C(C)C(NC1C)C
3-hydroxy-6-(3-methoxyphenyl)pyridin-2(5H)-one	O=C2N=C(c1cccc(OC)c1)CC=C2O
3-(5-hydroxy-6-oxo-1,6-dihydropyridin-3-yl)benzonitrile	O=C2C(O)=CC(c1cccc(C#N)c1)=CN2
(2R,3R)-2-(3,4-dihydroxyphenyl)-3,4-dihydro-2H-chromene-3,5,7-triol	Oc1ccc(cc1O)C3Oc2cc(O)cc(O)c2CC3O
(2R,3R)-3-hydroxy-2,4-dimethylpentanoic acid	O=C(O)C(C)C(O)C(C)C
(2E)-3-{(2S)-2-[(1R)-1-hydroxyethyl]oxiran-2-yl}prop-2-enoic acid	O=C(O)\C=C\C1(OC1)C(O)C
8-bromo-4H-[1,2,4]oxadiazolo[3,4-c][1,4]benzoxazin-1-one	Brc2ccc1OCC3=NOC(=O)N3c1c2
3-(3-tert-butyl-4-methoxyphenyl)pyridin-2(1H)-one	O=C2C(c1cc(c(OC)cc1)C(C)(C)C)=CC=CN2
N-[3-(4-benzylphenoxy)propyl]-N-methyl-beta-alanine	O=C(O)CCN(C)CCCOc1ccc(cc1)Cc2ccccc2
6-bromo-N-(prop-2-en-1-yl)quinazolin-4-amine	Brc2cc1c(ncnc1NC\C=C)cc2
1-{4-oxo-4-[(2S)-pyrrolidin-2-yl]butanoyl}-L-proline	O=C(N1C(C(=O)O)CCC1)CCC(=O)C2NCCC2
(3R,6E)-3,7,11-trimethyldodeca-1,6,10-trien-3-ol	OC(/C=C)(CC/C=C(/CC/C=C(\C)C)C)C
O-[(R)-{[(3R)-3,4-dihydroxybutyl]oxy}(hydroxy)phosphoryl]-L-threonine	O=C(O)C(N)C(OP(=O)(OCCC(O)CO)O)C
3H-imidazo[2,1-b]purin-4(5H)-one	O=C3c1c(ncn1)n2c(ncc2)N3
prop-2-en-1-yl 7-O-carbamoyl-L-glycero-alpha-D-manno-heptopyranoside	O=C(OCC(O)C1OC(OC/C=C)C(O)C(O)C1O)N
N-(3-CYCLOPROPYL-1H-PYRAZOL-5-YL)-2-(2-NAPHTHYL)ACETAMIDE	O=C(Nc1cc(nn1)C2CC2)Cc4cc3ccccc3cc4
(2S,3S)-3-(4-fluorophenyl)-2,3-dihydroxypropanoic acid	Fc1ccc(cc1)C(O)C(O)C(=O)O
(3R)-3-amino-2,2-difluoro-3-(4-methoxyphenyl)propanoic acid	O=C(O)C(F)(F)C(c1ccc(OC)cc1)N
2,6-DIFORMYL-4-METHYLPHENYL DIHYDROGEN PHOSPHATE	O=P(Oc1c(cc(cc1C=O)C)C=O)(O)O
4-[4-(4-fluorophenyl)-1H-pyrazol-3-yl]pyridine	Fc3ccc(c2cnnc2c1ccncc1)cc3
(3S)-N-methyl-3-(naphthalen-1-yloxy)-3-(thiophen-2-yl)propan-1-amine	O(c1cccc2c1cccc2)C(c3sccc3)CCNC
2-(4-tert-butylphenyl)-1,4-dihydroquinazolin-4-one	O=C2c3ccccc3N=C(c1ccc(cc1)C(C)(C)C)N2
pyrimido[4,5-d]pyrimidine-2,4-diamine	n1cc2c(nc1)nc(nc2N)N
2-aminopyrimido[4,5-d]pyrimidin-4(3H)-one	O=C1c2cncnc2N=C(N)N1
4-[(1R)-2-(dimethylamino)-1-(1-hydroxycyclohexyl)ethyl]phenol	OC2(C(c1ccc(O)cc1)CN(C)C)CCCCC2
1,1',1''-(1,3,5-triazinane-1,3,5-triyl)tripropan-1-one	O=C(N1CN(C(=O)CC)CN(C(=O)CC)C1)CC
N,N',N''-benzene-1,3,5-triyltris(2-bromoacetamide)	O=C(Nc1cc(cc(c1)NC(=O)CBr)NC(=O)CBr)CBr
(5R)-5-(4-chlorophenyl)-2,5-dihydro-3H-imidazo[2,1-a]isoindol-5-ol	Clc1ccc(cc1)C4(O)c2c(cccc2)C3=NCCN34
2,9-N,N-DI(4-CARBOXYBUTYL)-7-N-METHYLGUANINE	O=C(O)CCCCNC1=Nc2c(C(=O)N1)n(c[n+]2CCCCC(=O)O)C
1-[(2R)-2-aminobutanoyl]-N-(4-carbamimidoylbenzyl)-L-prolinamide	O=C(NCc1ccc(C(=[N@H])N)cc1)C2N(C(=O)C(N)CC)CCC2
N-[(2S)-2-aminohexyl]-L-norleucine	O=C(O)C(NCC(N)CCCC)CCCC
(2S)-2-aminopropan-1-ol	C[C@H](N)CO
4-[4-(3-chlorophenyl)piperazin-1-yl]-4-oxobutane-1-thiol	O=C(N2CCN(c1cccc(Cl)c1)CC2)CCCS
(2R)-2-aminopropan-1-ol	OCC(N)C
5-(HYDROXYMETHYL)-2-METHOXYPHENOL	Oc1cc(ccc1OC)CO
4-(2-AMINOETHYL)BENZENESULFONIC ACID	O=S(O)c1ccc(cc1)CCN
2'-AMINO-2'-DEOXYADENOSINE	n2c1c(ncnc1n(c2)C3OC(C(O)C3N)CO)N
(2S)-2-aminopent-4-enoic acid	O=C(O)C(N)C/C=C
1-(2,5-DIOXO-2,5-DIHYDRO-1H-IMIDAZOL-4-YL)UREA	O=C1C(=NC(=O)N1)NC(=O)N
ADENOSINE-2'-MONOPHOSPHATE	O=P(O)(O)OC3C(O)C(OC3n2cnc1c(ncnc12)N)CO
8-ANILINO-1-NAPHTHALENE SULFONATE	O=S(=O)(O)c3cccc2cccc(Nc1ccccc1)c23
(2S)-2-AMINOHEXAN-1-OL	OCC(N)CCCC
2'-DEOXYARISTEROMYCIN-5'-PHOSPHATE	O=P(O)(O)OCC3CC(n1c2ncnc(c2nc1)N)CC3O
(2S,3S)-3-methyl-aspartic acid	O=C(O)C(C)C(N)C(=O)O
2'-AMINOURIDINE	O=C1NC(=O)N(C=C1)C2OC(C(O)C2N)COP(=O)(O)O
[2-(4-formyl-5-hydroxy-6-methylpyridin-3-yl)ethyl]phosphonic acid	O=P(O)(O)CCc1cnc(c(O)c1C=O)C
4-(2-methyl-1,3-thiazol-4-yl)-N-(3,3,3-trifluoropropyl)benzamide	FC(F)(F)CCNC(=O)c2ccc(c1nc(sc1)C)cc2
