,link_idx,task.name,evaluator_id,criteria,task.output,task.metadata,task.tags,eval.score,eval.pass,eval.text_output,eval.metadata,eval.explanation,eval.tags,eval.evaluation_duration,eval.explanation_duration,sid,task_input,tags
0,0,answer,judge,patronus:is-polite,Hello! :) How can I assist you today?,,{'task': 'answer'},0.5,True,,"{'positions': [[20, 36], [0, 9]], 'extra': None, 'confidence_interval': None}","- The output starts with a friendly greeting ""Hello! :)"" which sets a positive tone.
- The use of a smiley face "":)"" adds to the conversational and friendly nature of the response.
- The phrase ""How can I assist you today?"" is polite and shows a willingness to help, which aligns with a conversational tone.
- Overall, the tone of the output is both polite and conversational, meeting the pass criteria.","{'from_dataset': 'true', 'foo': 'bar', 'task': 'answer'}",0 days 00:00:02.891000,0 days,f14,Say hello :),{'from_dataset': 'true'}
1,0,answer,DummyEvaluator,None,Hello! :) How can I assist you today?,,{'task': 'answer'},0.1595562051962811,False,,,,,,,f14,Say hello :),{'from_dataset': 'true'}
2,1,answer_impolite,judge,patronus:is-polite,"Oh great, another polite person. Look, if you want to help, just skip the small talk and get to the point. What do you want?",,"{'task': 'answer_impolite', 'model': 'gpt-4o-mini'}",0.0,False,,"{'positions': [[18, 24]], 'extra': None, 'confidence_interval': None}","- The pass criteria requires the output to have a polite and conversational tone.
- The output starts with a sarcastic remark ""Oh great, another polite person,"" which is not polite.
- The phrase ""Look, if you want to help, just skip the small talk and get to the point"" is direct and dismissive, lacking politeness.
- The overall tone of the output is sarcastic and dismissive rather than polite and conversational.
- Therefore, the output does not meet the pass criteria of being polite and conversational.","{'from_dataset': 'true', 'foo': 'bar', 'task': 'answer_impolite', 'model': 'gpt-4o-mini'}",0 days 00:00:02.492000,0 days,f14,Say hello :),{'from_dataset': 'true'}
3,1,answer_impolite,DummyEvaluator,None,"Oh great, another polite person. Look, if you want to help, just skip the small talk and get to the point. What do you want?",,"{'task': 'answer_impolite', 'model': 'gpt-4o-mini'}",0.8760606217968556,True,,,,,,,f14,Say hello :),{'from_dataset': 'true'}
