code,parent_code,name,level
ai,,"industry activity, total",
A_Bambs,ai,Growing of bambara bean,
A_Barly,ai,Growing of barley,
A_Beann,ai,"Growing of bean, green",
A_Ceres,ai,"Growing of cereal, nes",
A_Buckt,ai,Growing of buckwheat,
A_Wheat,ai,Growing of wheat,
A_Soybs,ai,Growing of soybean,
A_Ryee,ai,Growing of rye,
A_Saffd,ai,Growing of safflower seed,
A_Sesad,ai,Growing of sesame seed,
A_Sorgm,ai,Growing of sorghum,
A_Germt,ai,Growing of germ of wheat,
A_Peasy,ai,"production of pea, dry",
A_Castd,ai,Growing of castor bean,
A_Linsd,ai,Growing of linseed,
A_Lupis,ai,Growing of lupin,
A_Graid,ai,production of mixed grain,
A_Chick,ai,"production of chick-peas, dry",
A_Maize,ai,Growing of maize,
A_Maizn,ai,Growing of green corn (maize),
A_Oilss,ai,Growing of oilseed nes,
A_Groul,ai,"Growing of groundnut, in shell",
A_Raped,ai,Growing of rapeseed or colza seed,
A_Mustd,ai,Growing of mustard seed,
A_Vegleg_nes,ai,"Growing of broad bean, green",
A_Millt,ai,Growing of millet,
A_Fonio,ai,Growing of fonio,
A_Oatss,ai,Growing of oat,
A_Okraa,ai,Growing of okra,
A_Peasn,ai,"Growing of pea, green",
A_Vetcs,ai,Growing of vetch,
A_Quina,ai,Growing of quinoa,
A_Poppd,ai,Growing of poppy seed,
A_Piges,ai,Growing of pigeon pea,
A_Lents,ai,"production of lentil, dry",
A_Pulss,ai,Growing of puls nes,
A_Cowpea,ai,"production of cow pea, dry",
A_Stris,ai,Growing of string bean,
A_Trite,ai,Growing of triticale,
A_Ricey,ai,Growing of rice,
A_Artis,ai,Growing of artichoke,
A_Aspas,ai,Growing of asparagus,
A_Carrs,ai,Growing of carrot,
A_Cassa,ai,Growing of cassava,
A_Cucus,ai,Growing of cucumber and gherkin,
A_Cabbs,ai,Growing of cabbage,
A_Eggpl,ai,Growing of eggplant,
A_Tomas,ai,"Growing of tomato, fresh",
A_Cauli,ai,Growing of cauliflower and broccoli,
A_Spinh,ai,Growing of spinach,
A_Chics,ai,Growing of chicory root,
A_Letty,ai,Growing of lettuce and chicory,
A_Melon,ai,"Growing of melon, cantaloup",
A_Melonse,ai,Growing of melonseed,
A_Mushs,ai,Growing of mushroom,
A_Onion,ai,"Growing of onion, shallots (green)",
A_Garlc,ai,Growing of garlic,
A_Leeks,ai,Growing of leek and other alliaceous vegetable,
A_Sugat,ai,Growing of sugar beet,
A_Potas,ai,Growing of potato,
A_Sunfd,ai,Growing of sunflower seed,
A_Swees,ai,Growing of sweet potato,
A_Yams,ai,Growing of yam,
A_Roots,ai,Growing of root and tubers nes,
A_Wates,ai,Growing of watermelon,
A_Canad,ai,Growing of canary seed,
A_Onioy,ai,"production of onion, dry",
A_oVege_fresh,ai,"Growing of vegetable, fresh n.e.s.",
A_Sugae,ai,Growing of sugar cane,
A_Tobac,ai,Growing of tobacco leave,
A_Agavs,ai,Growing of agave fibre crops nes,
A_Bastr,ai,Growing of jute-like fibre crops,
A_Flaxw,ai,production of flax fibre and tow,
A_oFibrs,ai,Growing of fibre crop nes,
A_Seedcot,ai,Growing of seedcotton,
A_Jute,ai,Growing of jute,
A_Manila,ai,Growing of abaca manila hemp,
A_Ramie,ai,Growing of ramie,
A_Sisal,ai,Growing of sisal,
A_Sugas,ai,Growing of sugar crop nes,
A_Pumps,ai,"Growing of pumpkin, squash and gourd",
A_Hempd,ai,Growing of hempseed,
A_Jojod,ai,Growing of jojoba seed,
A_Germe,ai,Growing of germ of maize,
A_Graps,ai,Growing of grape,
A_Avocs,ai,Growing of avocado,
A_Arecs,ai,Growing of areca nut,
A_Banas,ai,Growing of banana,
A_Papas,ai,Growing of papaya,
A_Mangs,ai,Growing of mango,
A_Figss,ai,Growing of fig,
A_Pines,ai,Growing of pineapple,
A_frtrop_nes,ai,"Growing of fruit, tropical (fresh) nes",
A_Dates,ai,Growing of date,
A_Perss,ai,Growing of persimmon,
A_Plans,ai,Growing of plantain,
A_Cashe,ai,Growing of cashewapple,
A_oFru_cit,ai,Growing of citrus fruit nes,
A_Lemos,ai,Growing of lemon and lime,
A_Grapf,ai,Growing of grapefruit and pomelo,
A_Orans,ai,Growing of orange,
A_Tmand,ai,"Growing of tangerine, mandarin, clementine, satsuma",
A_Appls,ai,Growing of apple,
A_Apris,ai,Growing of apricot,
A_Chers,ai,Growing of cherry,
A_Cherr,ai,Growing of sour cherry,
A_oFru_ston,ai,Growing of stone fruit nes,
A_Quins,ai,Growing of quinc,
A_oFru_pom,ai,Growing of pome fruit nes,
A_Peacs,ai,Growing of peach and nectarin,
A_Pears,ai,Growing of pear,
A_Plums,ai,Growing of plum,
A_oFru_fresh,ai,Growing of fruit nes,
A_Almol,ai,Growing of almond,
A_Berrs,ai,Growing of berry nes,
A_Blues,ai,Growing of blueberry,
A_Brazl,ai,Growing of brazil nut,
A_Beany,ai,"production of bean, dry",
A_Cashl,ai,Growing of cashew nut,
A_Hazel,ai,Growing of hazelnut (filberts),
A_Chest,ai,Growing of chestnut,
A_Crans,ai,Growing of cranberry,
A_Stras,ai,Growing of strawberry,
A_Walnd,ai,"Growing of walnut, shelled",
A_Walnl,ai,Growing of walnut,
A_Rasps,ai,Growing of raspberry,
A_Gooss,ai,Growing of gooseberry,
A_Kiwi,ai,Growing of kiwi fruit,
A_Pists,ai,Growing of pistachio,
A_Nutss,ai,Growing of nut nes,
A_Currs,ai,Growing of currant,
A_Broay,ai,"production of broad bean, dry",
A_Cocon,ai,Growing of coconut,
A_Olivs,ai,Growing of olive,
A_Taro,ai,Growing of taro (cocoyam),
A_palm,ai,Growing of oil palm fruit,
A_Teaa,ai,Growing of tea,
A_Cocoa,ai,Growing of cocoa bean,
A_Coffn,ai,Growing of coffee green,
A_Mate,ai,Growing of mate,
A_Anisr,ai,"Growing of anise, badian, fennel",
A_Chily,ai,Growing of pimento,
A_Chiln,ai,Growing of chilly and peppers (green),
A_Cinn,ai,Growing of cinnamon (canella),
A_Clovs,ai,Growing of clove,
A_Vania,ai,Growing of vanilla,
A_Spics,ai,Growing of spice nes,
A_Pepp,ai,Growing of pepper,
A_Hops,ai,Growing of hop,
A_Gingr,ai,Growing of ginger,
A_Peppt,ai,"Growing of peppermint, spearmint",
A_Kari,ai,Growing of karite nut (sheanuts),
A_Caros,ai,Growing of carob,
A_Nutms,ai,"Growing of nutmeg, mace, cardamom",
A_Talld,ai,Growing of tallowtree seed,
A_Pyred,ai,"Growing of pyrethrum, dried flower",
A_Rubber,ai,Growing of natural rubber,
A_Tung_nuts,ai,Growing of tung nut,
A_Kapot,ai,Growing of kapok fruit,
A_Kola,ai,Growing of kolanut,
A_lBufmeat,ai,Raising of buffaloes for meat,
A_lCatmeat,ai,Raising of cattle for meat,
A_Bufmilk,ai,Raising of buffaloes for milk,
A_Cowmilk,ai,Raising of cattle for milk,
A_lCammeat,ai,Raising of camels,
A_lShemeat,ai,Raising of sheep for meat,
A_Shemilk,ai,Raising of sheep for milk,
A_lGoameat,ai,Raising of goat,
A_Goamilk,ai,Raising of goat for milk,
A_WOOL,ai,Raising of sheep for wool,
A_PIGS,ai,Raising of pigs,
A_lSwmeat,ai,Raising of swine,
A_Poleggs,ai,Raising of poultry for eggs,
A_lPolmeat,ai,Raising of poultry for meat,
A_Othmeat,ai,Raising of other animals for meat,
A_Silk_ree,ai,"production of cocoon, reelable",
A_Honel,ai,Bee-keeping for honey,
A_Snaia,ai,production of snail o/t sea snail,
A_Silk_coco,ai,Raising of silk-worms for cocoon,
A_Silkw,ai,"production of silk, raw",
A_FORE,ai,Forestry and logging,
A_FORE_comb,ai,supply of wood for combustion,
A_CHAR,ai,production of charcoal,
A_FISH,ai,production of fish and other fishing products; services incidental of fishing,
A_F_capture,ai,Fishing,
A_F_aqua,ai,Aquaculture,
A_COAL,ai,Mining of coal and lignite,
A_ANTH,ai,production of anthracite,
A_COKC,ai,production of coking coal,
A_OTBC,ai,production of other bituminous coal,
A_PATF,ai,production of patent fuel and similar solid fuels manufactured from hard coal,
A_LIBC,ai,production of lignite/brown coal,
A_SUBC,ai,production of sub-bituminous coal,
A_COIL,ai,"production of crude petroleum and services related to crude oil extraction, excluding surveying",
A_COTA,ai,production of coal tar,
A_GASE,ai,"production of natural gas and services related to natural gas extraction, excluding surveying",
A_IRON,ai,production of iron ores,
A_ORAN,ai,production of uranium and thorium ores,
A_ALUO,ai,production of aluminium ores and concentrate,
A_COPO,ai,production of copper ores and concentrate,
A_LZTO,ai,"production of lead, zinc and tin ores and concentrates",
A_NIKO,ai,production of nickel ore and concentrate,
A_ONFO,ai,production of other non-ferrous metal ore and concentrate,
A_PREO,ai,production of precious metal ores and concentrates,
A_STON,ai,production of stone,
A_SDCL,ai,production of sand and clay,
A_CHMF,ai,Mining of chemical and fertilizer minerals,
A_Pfert,ai,production of phosphatic fertilizers,
A_Kfert,ai,production of potassic fertilizers,
A_PEAT,ai,Extraction of peat,
A_pBovmeat,ai,Slaughtering of bovine animals,
A_pPigmeat,ai,Slaughtering of pigs,
A_pPolmeat,ai,Slaughtering of poultry,
A_pOthmeat,ai,Slaughtering of other animals,
A_pDermeat,ai,production of meat derivate,
A_pMuGomeat,ai,production of mutton and goat meat,
A_Beef_proc,ai,production of beef meat,
A_Pork_proc,ai,production of pork meat,
A_Oth_proc,ai,production of poultry and other meat,
A_FSHP,ai,"Processing and preserving of fish, crustaceans and molluscs",
A_Frozfrui,ai,production of frozen fruit,
A_Frozvege,ai,production of frozen vegetable,
A_Jufruveg,ai,production of juice and fruit and veg prepared,
A_FVEG,ai,"production of vegetable, fruit, nut",
A_Cassd,ai,"production of cassava, dried",
A_Plum,ai,"production of plum, dried",
A_Apriy,ai,"production of apricot, dried",
A_Figsd,ai,"production of fig, dried",
A_Grou_shld,ai,"production of groundnuts, without shell",
A_Kapod,ai,"production of kapokseed, shelled",
A_Haze_shld,ai,"Growing of hazelnut, shelled",
A_Cashd,ai,"Growing of cashew nut, shelled",
A_Almod,ai,"Growing of almond, shelled",
A_Brazd,ai,"Growing of brazil nut, shelled",
A_Oiloliv,ai,production of olive oil,
A_Othvoils,ai,production of other vegetable oil,
A_Oilpalm,ai,production of palm oil,
A_Oilrape,ai,production of rapeseed oil,
A_Oilsoy,ai,production of soybean oil,
A_Vegfats,ai,production of vegetable fat,
A_Prmilk,ai,Processing of milk,
A_Othdiar,ai,Manufacture of other dairy products,
A_Prorice,ai,production of rice,
A_RICE,ai,production of processed rice,
A_OCER,ai,production of cereal grains nec,
A_Othflour,ai,production of other flour,
A_Whflour,ai,production of wheat flour,
A_Othproc,ai,Manufacture of bakery products,
A_Sugar,ai,Manufacture of sugar,
A_Cocader,ai,production of cocao derivate,
A_Chocs,ai,production of chocolate,
A_Candy,ai,production of sugar confectionery,
A_Cocod,ai,"production of coconut, desiccated",
A_Pasta,ai,"Manufacture of macaroni, noodles, couscous and similar farinaceous products",
A_Roscoff,ai,production of roasted coffee,
A_Prfeed,ai,production of protein feed,
A_Othalbev,ai,production of other alcoholic beverage,
A_Wine,ai,production of wine,
A_Beer,ai,production of beer,
A_bot_water,ai,production of bottled water and soft drinks,
A_TOBC,ai,production of tobacco product,
A_TEXT,ai,Manufacture of textiles,
A_FIBR,ai,"Spinning, weaving and finishing of textiles",
A_GARM,ai,Production of Knitted or crocheted fabrics; wearing apparel,
A_LETH,ai,production of leather and leather products,
A_WOOD,ai,"Manufacture of other products of wood; manufacture of articles of cork, straw and plaiting materials",
A_PAPE,ai,production of paper and paper product,
A_SHEET_PA,ai,manufacture of paper sheet,
A_KRAFT_RES,ai,manufacture of other kraft paper,
A_SHEET_PAAL,ai,"manufacture of paper sheet, with aluminium foil",
A_SHEET_PAPL,ai,manufacture of mixed paper and plastic sheet,
A_PASHEET_RES,ai,manufacture of paper and paperboard other,
A_PULP,ai,production of pulp,
A_MDIA,ai,production of printed matter and recorded media,
A_COKE,ai,manufacture of coke oven product,
A_COKE_bypr_recov,ai,"manufacture of coke oven product, with by-product recovery",
A_COKE_no_recov,ai,"manufacture of coke oven product, without by-product recovery",
A_COOG,ai,production of coke oven gas,
A_GCOK,ai,production of gas coke,
A_REFN,ai,Manufacture of refined petroleum products,
A_BIOD,ai,production of biodiesel,
A_BIOG,ai,production of biogasoline,
A_BKBP,ai,production of bkb/peat briquettes,
A_LPGA,ai,production of liquefied petroleum gas (lpg),
A_LUBR,ai,production of lubricant,
A_GASL,ai,production of natural gas liquid,
A_OBIO,ai,production of other liquid biofuel,
A_GJET,ai,production of gasoline-type jet fuel,
A_KJET,ai,production of kerosene-type jet fuel,
A_MGSL,ai,production of motor gasoline,
A_AGSL,ai,production of aviation gasoline,
A_NAPT,ai,production of naphta,
A_WHSP,ai,production of white spirit and special boiling point industrial spirits,
A_DOIL,ai,production of gas oil,
A_FOIL,ai,production of heavy fuel oil,
A_RGAS,ai,production of refinery gas,
A_ETHA,ai,production of ethane,
A_BITU,ai,production of bitumen,
A_PETC,ai,production of petroleum coke,
A_NSPP,ai,production of non-specified petroleum product,
A_KERO,ai,production of other kerosene,
A_REFF,ai,production of refinery feedstock,
A_PARW,ai,production of paraffin waxes,
A_CHEM,ai,Manufacture of chemicals and chemical products,
A_OGPL,ai,production of other hydrocarbons,
A_NUCF,ai,production of nuclear fuel,
A_N_urea,ai,production of urea,
A_NP_fert,ai,production of np fertilizers,
A_NPK,ai,production of fertilizer n.e.c.,
A_N_solution,ai,production of othe nitrogen fertilizer,
A_PK_fert,ai,production of pk compounds,
A_N_AmmNit,ai,production of ammonium nitrate,
A_N_AmmSol,ai,production of ammonium sulphate,
A_N_CaAmNit,ai,production of calcium ammonium nitrate and other mixtures with calcium carbonate,
A_NK_fert,ai,production of other nk compound,
A_PLAS,ai,Manufacture of plastics in primary forms,
A_RUB,ai,Manufacture of synthetic rubber in primary forms,
A_ADDC,ai,Manufacture of Lubricating preparations and preparations,
A_RUBP,ai,production of rubber and plastic products,
A_SHEET_PLAL,ai,production of mixed plastic and aluminium sheet,
A_FOIL_PLA,ai,production of plastic foil,
A_PACK_OPLA,ai,production of other plastic packaging,
A_TRAY_PET,ai,production of PET tray in cardboard sleeve,
A_BOTL_PLA,ai,production of other plastic bottle,
A_BOTL_PET,ai,production of PET bottlle,
A_BAG_PLA,ai,production of plasic bags,
A_SHEET_PAPLAL,ai,"production of mixed paper, plastic and aluminium sheet",
A_TETRA_PPA,ai,"production of tetrabrik (paper, plastic and aluminium)",
A_TETRA_PP,ai,production of tetrabrik (paper and plastic),
A_SHEET_RES,ai,"production of plates, sheets",
A_PLATES_RES,ai,"production of plates, other flat shapes",
A_GLAS,ai,production of glass and glass product,
A_CONTAI_GLS,ai,"production of small container, glass",
A_JAR_GLS,ai,"production of small jar, glass",
A_BOTL_GLM,ai,"production of bottle 0.75l, glass",
A_BOTL_GLS,ai,"production of bottle 0.33l, glass",
A_BOTL_RES,ai,"production of jars, phials and other container",
A_BRIK,ai,"production of bricks, tiles and construction products, in baked clay",
A_CRMC,ai,production of ceramic good,
A_CMNT,ai,"production of cement, lime and plaster",
A_ONMM,ai,production of other non-metallic mineral products,
A_STEL,ai,production of basic iron and steel and of ferro-alloy and first product thereof,
A_STEL_eaf,A_STEL,production of steel from electric arc furnace,
A_STEL_bof,A_STEL,production of steel from basic oxygen furnace,
A_MBFG,ai,production of blast furnace gas,
A_MOSG,ai,production of oxygen steel furnace gas,
A_steel_bof,ai,production of steel via blast oxygen furnace,
A_steel_eaf,ai,production of steel via electric arc furnace,
A_PREM,ai,production of precious metals,
A_ONFM,ai,production of other non-ferrous metal products,
A_COPP,ai,production of copper product,
A_LZTP,ai,"production of lead, zinc and tin and products thereof",
A_ALUM,ai,production of aluminium and aluminium product,
A_FOIL_AL,ai,production of aluminium foil,
A_FOIL_RES,ai,production of foil other,
A_FABM,ai,"production of fabricated metal product, except machinery and equipment",
A_CAN_STEL,ai,"production of steel can, food",
A_CAN_ALF,ai,"production of aluminium can, food",
A_CAN_ALD,ai,"production of aluminium can, drink",
A_CAN_RES,ai,"production of tanks, casks, drums, and similar containers",
A_ELMA,ai,Manufacture of electronic components and boards,
A_OFMA,ai,Manufacture of computers and peripheral equipment,
A_RATV,ai,Manufacture of communication equipment,
A_MEIN,ai,"Manufacture of measuring, testing, navigating and control equipment; watches and clocks",
A_MACH,ai,Manufacture of machinery and equipment n.e.c.,
A_HPUMP,ai,production of heat pumps,
A_EBOIL,ai,production of electric boilers,
A_auto,ai,production of car,
A_bus,ai,production of buses,
A_truck,ai,production of trucks,
A_MOTO,ai,production of other vehicles,
A_OTRE,ai,Manufacture of other transport equipment,
A_FURN,ai,Manufacture of Furniture; other transportable goods n.e.c.,
A_ELEC,ai,"Electric power generation, transmission and distribution",
A_elec_CHP,ai,production  of electricity from combined heat and power plants,
A_elec_HWAT,ai,production  of electricity from combined heat and power plants,
A_elec_INC,ai,production  of electricity from incineration of waste,
A_elec_POWB,ai,production  of electricity by biomass and waste,
A_elec_POWC,ai,production  of electricity by coal,
A_elec_POWG,ai,production  of electricity by gas,
A_elec_POWH,ai,production  of electricity by hydro,
A_elec_POWM,ai,production  of electricity by geothermal,
A_elec_POWP,ai,production  of electricity by petroleum and other oil derivatives,
A_elec_POWS,ai,production  of electricity by solar photovoltaic,
A_elec_POWW,ai,production  of electricity by wind,
A_elec_POWN,ai,production  of electricity by nuclear,
A_elec_POWZ,ai,production  of electricity nec,
A_elec_POWO,ai,"production  of electricity by tide, wave, ocean",
A_Nat_Elec,ai,production  of electricity from domestic sources,
A_elec_BA_INCI,ai,production  of electricity from incineration of batteries and accumulators,
A_elec_BIOF,ai,production  of electricity from biogasification of food,
A_elec_BIOP,ai,production  of electricity from biogasification of paper,
A_elec_BIOS,ai,production  of electricity from biogasification of sewage,
A_elec_HA_INCI,ai,production  of electricity from incineration hazardous waste,
A_elec_HCHEM,ai,production  of electricity from chemical heat,
A_elec_INCF,ai,production  of electricity from incineration of food,
A_elec_INCL,ai,production  of electricity from incineration of plastics,
A_elec_INCP,ai,production  of electricity from incineration of paper,
A_elec_INCW,ai,production  of electricity from incineration of wood,
A_elec_MA_INCI,ai,production  of electricity from incineration of manure,
A_elec_MANC,ai,production  of electricity from manure biogasification,
A_elec_SE_INCI,ai,production  of electricity from incineration of sewage,
A_elec_TE_INCI,ai,production  of electricity from incineration of textiles,
A_elec_UN_INCI,ai,production  of electricity from incineration of unsorted waste,
A_GASD,ai,production of distribution services of gaseous fuels through mains,
A_MGWG,ai,production of gas works (inluding gas),
A_MBIO,ai,production of biogas,
A_BIO,ai,gasification plant for biogas,
A_HWAT,ai,operating of steam and hot water supply services,
A_CHP,ai,operation of combined heat and power plants,
A_HWAT_comb,ai,"operation of steam and hot water supply services, using combustible fules",
A_CONS,ai,Construction,
A_METC,ai,Other specialized construction activities,
A_TDMO,ai,"sale, maintenance, repair of motor vehicles, motor vehicles parts, motorcycles, motor cycles parts and accessoiry",
A_TDWH,ai,"production of wholesale trade and commission trade services, except of motor vehicles and motorcycle",
A_TDRT,ai,"production of retail  trade services, except of motor vehicles and motorcycles; repair services of personal and household good",
A_TDFU,ai,Retail sale of automotive fuel in specialized stores,
A_TRAI,ai,operating of railway transportation services,
A_TLND,ai,operating of other land transportation services,
A_TPIP,ai,operating of transportation services via pipelines,
A_TWAS,ai,operating of sea and coastal water transportation services,
A_TWAI,ai,operating of inland water transportation services,
A_TAIR,ai,operating of air transport services,
A_TAUX,ai,operating of supporting and auxiliary transport services; travel agency services,
A_PTEL,ai,Postal and courier activities,
A_HORE,ai,Accommodation,
A_RECR,ai,"Motion picture, video and television programme production, sound recording and music publishing activities",
A_COMP,ai,"Computer programming, consultancy and related activities",
A_FINT,ai,"operating of financial intermediation service, except insurance and pension funding services",
A_FINS,ai,"operating of insurance and pension funding service, except compulsory social security services",
A_FAUX,ai,operating of services auxiliary to financial intermediation,
A_REAL,ai,Real estate activities,
A_RESD,ai,Scientific research and development,
A_OBUS,ai,"Other professional, scientific and technical activities",
A_MARE,ai,Rental and leasing activities,
A_PADF,ai,Public administration and defence; compulsory social security,
A_EDUC,ai,Education,
A_HEAL,ai,Human health activities,
A_ORGA,ai,Activities of membership organizations,
A_OSER,ai,Other personal service activities,
at,,"treatmant activity, total",
A_WATR,at,"Water collection, treatment and supply",
A_WASF,at,"treatment of food waste, waste water",
A_WASO,at,"treatment of other waste, waste water",
A_SE_wwater,at,provision of waste water services for sewage,
A_GLAS_reuse,at,Collection of hazardous waste,
A_BIOF,at,"treatment of food waste, biogasification and land application",
A_BIOP,at,"treatment of paper waste, biogasification and land application",
A_BIOS,at,"treatment of sewadge sludge, biogasification and land application",
A_FOOD_w_water,at,provision of waste water services for food,
A_CO_INCI,at,"treatment of construction waste, energy recovery",
A_CO_INCI_no_recov,at,"treatment of construction waste, incineration",
A_CO_LAND,at,"treatment of construction waste, landfill",
A_CO_OTHE,at,"treatment of construction waste, other disposal",
A_COMF,at,"treatment of food waste, composting and land application",
A_COMW,at,"treatment of paper and wood waste, composting and land application",
A_CU_INCI,at,"treatment of copper waste, energy recovery",
A_CU_LAND,at,"treatment of copper waste, landfill",
A_DE_INCI,at,"treatment of discarded equipment waste, energy recovery",
A_DE_INCI_no_recov,at,"treatment of discarded equipment waste, incineration",
A_DE_LAND,at,"treatment of discarded equipment waste, landfill",
A_DE_OTHE,at,"treatment of discarded equipment waste, other disposal",
A_DV_INCI,at,"treatment of discarded vehicle waste, energy recovery",
A_DV_INCI_no_recov,at,"treatment of discarded vehicle waste, incineration",
A_DV_LAND,at,"treatment of discarded vehicle waste, landfill",
A_SE_biog,at,provision of biogasification and land application services,
A_DV_OTHE,at,"treatment of discarded vehicle waste, other disposal",
A_FO_OTHE,at,"treatment of food waste, other disposal",
A_INCF,at,"treatment of food waste, energy recovery",
A_INCF_no_recov,at,"treatment of food waste, incineration",
A_INCL,at,"treatment of plastic and rubber waste, energy recovery",
A_INCL_no_recov,at,"treatment of plastic and rubber waste, incineration",
A_INCP,at,"treatment of paper waste, energy recovery",
A_INCP_no_recov,at,"treatment of paper waste, incineration",
A_INCW,at,"treatment of wood waste, energy recovery",
A_INCW_no_recov,at,"treatment of plastic waste, incineration",
A_INCW_no_recovery,at,"treatment of wood waste, incineration",
A_LANF,at,"treatment of food waste, landfill",
A_LANL,at,"treatment of plastic and rubber waste, landfill",
A_LANP,at,"treatment of paper waste, landfill",
A_LANW,at,"treatment of wood waste, landfill",
A_LZT_INCI,at,"treatment of lead, zinc and tin waste, energy recovery",
A_LZT_LAND,at,"treatment of lead, zinc and tin waste, landfill",
A_MA_INCI,at,"treatment of manure, energy recovery",
A_MA_INCI_no_recov,at,"treatment of manure, incineration",
A_MA_LAND,at,"treatment of manure, landfill",
A_MA_OTHE,at,"treatment of manure, other disposal",
A_MM_INCI,at,"treatment of mixed metal waste, energy recovery",
A_MM_INCI_no_recov,at,"treatment of mixed metal waste, incineration",
A_MM_LAND,at,"treatment of mixed metal waste, landfill",
A_MM_OTHE,at,"treatment of mixed metal waste, other disposal",
A_MNF_INCI,at,"treatment of non-ferrous metal waste, energy recovery",
A_MNF_INCI_no_recov,at,"treatment of non-ferrous metal waste, incineration",
A_MNF_LAND,at,"treatment of non-ferrous metal waste, landfill",
A_MNF_OTHE,at,"treatment of non-ferrous metal waste, other disposal",
A_NF_ENER,at,"treatment of non-ferrous mixed metal waste, energy recovery",
A_NF_INCI,at,"treatment of non-ferrous mixed metal waste, incineration",
A_NF_LAND,at,"treatment of non-ferrous mixed metal waste, landfill",
A_NF_OTHE,at,"treatment of non-ferrous mixed metal waste, other disposal",
A_ONF_INCI,at,"treatment of other non-ferrous metal waste, energy recovery",
A_ONF_LAND,at,"treatment of other non-ferrous metal waste, landfill",
A_PA_OTHE,at,"treatment of other paper waste, other disposal",
A_PL_OTHE,at,"treatment of rubber and plastic waste, other disposal",
A_PM_INCI,at,"treatment of precious metal waste, energy recovery",
A_PM_LAND,at,"treatment of precious metal waste, landfill",
A_SE_INCI,at,"treatment of sewage waste, energy recovery",
A_SE_INCI_no_recov,at,"treatment of sewage waste, incineration",
A_SE_LAND,at,"treatment of sewage waste, landfill",
A_SE_OTHE,at,"treatment of sewage waste, other disposal",
A_ST_INCI,at,"treatment of steel waste, incineration",
A_ST_INCI_no_recov,at,"treatment of steel waste, incineration no energy recovery",
A_ST_LAND,at,"treatment of steel waste, landfill",
A_ST_OTHE,at,"treatment of steel waste, other disposal",
A_TE_INCI,at,"treatment of textil waste, energy recovery",
A_TE_INCI_no_recov,at,"treatment of textil waste, incineration",
A_TE_LAND,at,"treatment of textil waste, landfill",
A_TE_OTHE,at,"treatment of textil waste, other disposal",
A_UN_INCI,at,"treatment of unsorted waste, energy recovery",
A_UN_INCI_no_recov,at,"treatment of unsorted waste, incineration",
A_UN_LAND,at,"treatment of unsorted waste, landfill",
A_UN_OTHE,at,"treatment of unsorted waste, other disposal",
A_WO_OTHE,at,"treatment of wood waste, other disposal",
A_MANC,at,"treatment of manure (conventional), storage and land application",
A_AL_INCI,at,energy recovering of aluminium,
A_AL_LAND,at,landfilling of aluminium,
A_GL_INCI,at,production of energy_recovery of glass service,
A_GL_INCI_no_recov,at,production of incineration of glass service,
A_GL_LAND,at,production of landfill of glass service,
A_GL_OTHE,at,production of other_disposal of glass service,
A_munic_non_renew_waste,at,"treatment of municipal waste, non renewable",
A_munic_renew_waste,at,"treatment of municipal waste, renewable",
A_BA_INCI,at,"treatment of battery and accumulator waste, energy recovery",
A_BA_INCI_no_recov,at,"treatment of battery and accumulator waste, incineration",
A_BA_LAND,at,"treatment of battery and accumulator waste, landfill",
A_BA_OTHE,at,"treatment of battery and accumulator waste, other disposal",
A_HA_INCI,at,"treatment of hazard waste, energy recovery",
A_HA_INCI_no_recov,at,"treatment of hazard waste, incineration",
A_HA_LAND,at,"treatment of hazard waste, landfill",
A_HA_OTHE,at,"treatment of hazard waste, other disposal",
A_AS_LAND,at,landfilling of ash,
A_HA_RECY,at,"treatment of hazard waste, recycling",
A_BA_RECY,at,"treatment of battery and accumulator waste, recycling",
A_DE_RECY,at,"treatment of discarded equipment waste, recycling",
A_FO_RECY,at,"treatment of food waste, recycling",
A_COPW,at,"treatment of copper waste, recycling",
A_CONW,at,"treatment of construction waste, recycling",
A_DV_RECY,at,"treatment of discarded vehicle waste, recycling",
A_MA_RECY,at,"treatment of manure, recycling",
A_LZTW,at,"treatment of lead, zinc and tin waste, recycling",
A_MNF_RECY,at,"treatment of non-ferrous metal waste, recycling",
A_PAPR,at,"treatment of paper waste, recycling",
A_MM_RECY,at,"treatment of mixed metal waste, recycling",
A_NF_RECY,at,"treatment of non-ferrous mixed metal waste, recycling",
A_ONFW,at,"treatment of other non-ferrous metal waste, recycling",
A_PREW,at,"treatment of precious metal waste, recycling",
A_PLAW,at,"treatment of rubber and plastic waste, recycling",
A_SE_RECY,at,"treatment of sewage waste, recycling",
A_STEW,at,"treatment of steel waste, recycling",
A_UN_RECY,at,"treatment of unsorted waste, recycling",
A_TE_RECY,at,"treatment of textil waste, recycling",
A_OMOTO,at,"treatment of other vehicle, recycling",
A_ALUW,at,recycling of aluminium,
A_ASHW,at,recycling of ash,
A_GLAW,at,production of recycling of glass service,
A_WOOW,at,production of recycling of wood services,
A_RYMS,at,production of secondary raw materials,
aa,"auxiliary production activity, total",,
A_FLARE,aa,flaring of gas,
A_VENT,aa,venting of gas,
am,,"market activity, total",
M_Wheat,am,market of Wheat,
M_Germe,am,market of germ of maize,
M_Germt,am,market of germ of wheat,
M_Maizn,am,market of Maize (corn),
M_Ricey,am,"market of Rice paddy, other (not husked)",
M_Sorgm,am,market of Sorghum,
M_Barly,am,market of barley,
M_Barld,am,"market of barley, pearled",
M_Barlt,am,market of pot barley,
M_Ryee,am,market of Rye,
M_Oatss,am,"market of Oats, seed",
M_Oatsd,am,"market of Oats, other",
M_Millt,am,market of Millet,
M_Trite,am,market of Triticale,
M_Buckt,am,market of Buckwheat,
M_Fonio,am,market of Fonio,
M_Quina,am,market of Quinoa,
M_Canad,am,market of Canary seed,
M_Ceres,am,market of Other cereals n.e.c.,
M_Graid,am,market of mixed grain,
M_Aspas,am,market of Asparagus,
M_Cabbs,am,market of Cabbages,
M_Cauli,am,market of Cauliflowers and broccoli,
M_Letty,am,market of Lettuce and chicory,
M_Spinh,am,market of Spinach,
M_Artis,am,market of Artichokes,
M_Casss,am,market of Cassava leaves,
M_Wates,am,market of Watermelons,
M_Melon,am,market of Cantaloupes and other melons,
M_Chiln,am,"market of Chillies and peppers, green (Capsicum spp. and Pimenta spp.)",
M_Cucus,am,market of Cucumbers and gherkins,
M_Eggpl,am,market of Eggplants (aubergines),
M_Tomas,am,market of Tomatoes,
M_Pumps,am,"market of Pumpkins, squash and gourds",
M_Okraa,am,market of okra,
M_Beann,am,"market of Beans, green",
M_Stris,am,market of string bean,
M_Peasn,am,"market of Peas, green",
M_Vegleg_nes,am,"market of Broad beans and horse beans, green",
M_Carrs,am,market of Carrots and turnips,
M_Garlc,am,market of Green garlic,
M_Onioy,am,"market of onion, dry",
M_Onion,am,"market of onion, shallots (green)",
M_Leeks,am,market of Leeks and other alliaceous vegetables,
M_Roots,am,"market of Other root, bulb and tuberous vegetables, n.e.c.",
M_Mushs,am,market of Mushrooms and truffles,
M_oVege_fresh,am,"market of Vegetables, fresh, n.e.c.",
M_Avocs,am,market of Avocados,
M_Banas,am,market of Bananas,
M_Plans,am,market of Plantains and cooking bananas,
M_Dates,am,market of Dates,
M_Figss,am,market of Figs,
M_Mangs,am,"market of Mangoes, guavas and mangosteens",
M_Papas,am,market of Papayas,
M_Pines,am,market of Pineapples,
M_frtrop_nes,am,"market of Other tropical and subtropical fruits, n.e.c.",
M_Grapf,am,market of Pomelos and grapefruits,
M_Lemos,am,market of Lemons and limes,
M_Orans,am,market of Oranges,
M_Tmand,am,"market of Tangerines, mandarins, clementines",
M_oFru_cit,am,"market of Other citrus fruit, n.e.c.",
M_Graps,am,market of Grapes,
M_Appls,am,market of Apples,
M_Pears,am,market of pear,
M_Quins,am,market of quinc,
M_Apris,am,market of Apricots,
M_Chers,am,market of cherry,
M_Cherr,am,market of sour cherry,
M_Peacs,am,market of Peaches and nectarines,
M_Plums,am,market of Plums and sloes,
M_oFru_pom,am,market of pome fruit nes,
M_oFru_ston,am,"market of stone fruit, fresh nes",
M_Currs,am,market of Currants and gooseberries,
M_Gooss,am,market of Gooseberries,
M_Kiwi,am,market of Kiwi fruit,
M_Rasps,am,"market of Raspberries, blackberries, mulberries and loganberries",
M_Stras,am,market of Strawberries,
M_Blues,am,market of blueberry,
M_Crans,am,market of cranberry,
M_Berrs,am,market of berry nes,
M_Caros,am,market of Locust beans (carobs),
M_Perss,am,market of persimmon,
M_Cashe,am,market of cashewapple,
M_oFru_fresh,am,"market of fruit, fresh nes",
M_Almol,am,"market of Almonds, in shell",
M_Cashl,am,"market of Cashew nuts, in shell",
M_Chest,am,"market of Chestnuts, in shell",
M_Hazel,am,"market of Hazelnuts, in shell",
M_Pists,am,"market of Pistachios, in shell",
M_Walnl,am,"market of Walnuts, in shell",
M_Brazl,am,"market of Brazil nuts, in shell",
M_Arecs,am,market of areca nut,
M_Kola,am,market of kolanut,
M_Nutss,am,market of nut nes,
M_Soybs,am,market of Soya beans,
M_Groul,am,"market of Groundnuts, in shell",
M_Cottd,am,market of Cottonseed,
M_Linsd,am,market of Linseed,
M_Mustd,am,market of Mustard seed,
M_Raped,am,market of Rape or colza seed,
M_Sesad,am,market of Sesame seed,
M_Sunfd,am,market of Sunflower seed,
M_Saffd,am,market of Safflower seed,
M_Poppd,am,market of Poppy seed,
M_Melonse,am,market of melonseed,
M_Hempd,am,market of hempseed,
M_Oilss,am,market of oilseed nes,
M_Castd,am,market of castor bean,
M_Olivs,am,market of Olives,
M_Cocon,am,"market of Coconuts, in shell",
M_Copra,am,market of Copra,
M_Kapot,am,market of kapok fruit,
M_Tung_nuts,am,market of tung nut,
M_Jojod,am,market of jojoba seed,
M_Kari,am,market of karite nut (sheanut),
M_Talld,am,market of tallowtree seed,
M_Kapol,am,market of kapokseed in shell,
M_Kapod,am,"market of kapokseed, shelled",
M_Potas,am,market of Potatoes,
M_Cassa,am,"market of Cassava, fresh",
M_Cassd,am,"market of Cassava, dry",
M_Swees,am,market of Sweet potatoes,
M_Yams,am,market of Yams,
M_Taro,am,market of Taro,
M_Coffn,am,"market of Coffee, green",
M_Teaa,am,market of Tea leaves,
M_Mate,am,market of Mat√© leaves,
M_Cocoa,am,market of Cocoa beans,
M_Pepp,am,"market of Pepper (Piper spp.), raw",
M_Nutms,am,"market of Nutmeg, mace, cardamoms, raw",
M_Anisr,am,"market of Anise, badian, coriander, cumin, caraway, fennel and juniper berries, raw",
M_Cinn,am,"market of Cinnamon and cinnamon-tree flowers, raw",
M_Clovs,am,"market of Cloves (whole stems), raw",
M_Gingr,am,"market of Ginger, raw",
M_Vania,am,"market of Vanilla, raw",
M_Hops,am,market of Hop cones,
M_Chics,am,market of Chicory roots,
M_Spics,am,"market of Other stimulant, spice and aromatic crops, n.e.c.",
M_Beany,am,"market of Beans, dry",
M_Broay,am,"market of Broad beans and horse beans, dry",
M_Chick,am,"market of Chick peas, dry",
M_Lents,am,"market of Lentils, dry",
M_Peasy,am,"market of Peas, dry",
M_Cowpea,am,"market of Cow peas, dry",
M_Piges,am,"market of Pigeon peas, dry",
M_Bambs,am,"market of Bambara beans, dry",
M_Vetcs,am,market of Vetches,
M_Lupis,am,market of Lupins,
M_Pulss,am,market of Other pulses n.e.c,
M_Sugat,am,market of Sugar beet,
M_Sugae,am,market of Sugar cane,
M_Sugacrs,am,market of Other sugar crops n.e.c.,
M_Maize,am,market of Maize for forage and silage,
M_Cer_prep,am,"market of Cereal straw, husks, unprepared, ground, pressed, or in the form of pellets",
M_Flaxw,am,"market of Flax; raw or retted, but not spun",
M_Hemp,am,"market of True hemp, raw or retted",
M_Kapo_bre,am,"market of Kapok fibre, raw",
M_Ramie,am,market of ramie,
M_Sisal,am,market of sisal,
M_Agavs,am,market of agave fibre nes,
M_Manila,am,market of abaca manila hemp,
M_Coirr,am,market of coir,
M_oFibrs,am,"market of Other fibre crops, raw, n.e.c.",
M_Peppt,am,"market of peppermint, spearmint",
M_Pyred,am,"market of pyrethrum, dried flower",
M_Rubber,am,"market of Natural rubber in primary forms or in plates, sheets or strip",
M_Tobac,am,market of Unmanufactured tobacco,
M_Catmeat,am,market of Cattle,
M_Bufmeat,am,market of Buffalo,
M_Shemeat,am,market of Sheep,
M_Goameat,am,market of Goats,
M_Pigmeat,am,market of Swine / pigs,
M_Polmeat,am,market of Poultry,
M_Catmilk,am,market of Raw milk of cattle,
M_Bufmilk,am,market of Raw milk of buffalo,
M_Shemilk,am,market of Raw milk of sheep,
M_Coamilk,am,market of Raw milk of goats,
M_Cammilk,am,market of Raw milk of camel,
M_Eggsl,am,"market of Hen eggs in shell, fresh",
M_Othanpr,am,market of Other animal products,
M_Honel,am,market of Natural honey,
M_Snaia,am,"market of Snails, fresh, chilled, frozen, dried, salted or in brine, except sea snails",
M_Silk_ree,am,market of Silk-worm cocoons suitable for reeling,
M_Silk_wool,am,"market of wool, silk-worm cocoon",
M_Hide_cow,am,market of Raw hides and skins of cattle,
M_Hide_buff,am,market of Raw hides and skins of buffaloes,
M_Skin_she,am,market of Raw hides and skins of sheep or lambs,
M_Skin_goat,am,market of Raw hides and skins of goats or kids,
M_Beesx,am,market of Beeswax,
M_FORE,am,market of Wood in the rough,
M_FISH,am,market of Fish and other fishing products,
M_ANTH,am,market of anthracite,
M_OTBC,am,market of other bituminous coal,
M_COKC,am,market of coking coal,
M_PATF,am,market of Patent fuel and similar solid fuels manufactured from hard coal,
M_LIBC,am,market of lignite/brown coal,
M_SUBC,am,market of sub-bituminous coal,
M_BKBP,am,market of Brown coal briquettes and similar solid fuels,
M_PEAT,am,market of Peat,
M_COIL,am,"market of Petroleum oils and oils obtained from bituminous minerals, crude",
M_GASL,am,"market of Petroleum gases and other gaseous hydrocarbons; liquefied, natural gas",
M_GASE,am,"market of Petroleum gases and other gaseous hydrocarbons; in gaseous state, natural gas",
M_ORAN,am,market of Uranium and thorium ores and concentrates,
M_IRON,am,"market of Iron ores and concentrates, other than roasted iron pyrites",
M_COPO,am,"market of Copper, ores and concentrates",
M_NIKO,am,market of Nickel ores and concentrates,
M_ALUO,am,market of Aluminium ores and concentrates,
M_PREO,am,market of Precious metal ores and concentrates,
M_ONFO,am,market of Other non-ferrous metal ores and concentrates (other than uranium or thorium ores and concentrates),
M_STON,am,market of Stone and gypsum,
M_SDCL,am,market of sand and clay,
M_CHMF,am,market of Chemical and fertilizer minerals,
M_elec_POWO,am,"market of electricity by tide, wave, ocean",
M_POWE,am,market of Electricity by solar thermal,
M_MBFG,am,market of blast furnace gas,
M_MOSG,am,market of oxygen steel furnace gas,
M_MGWG,am,market of gas works gas,
M_MBIO,am,market of biogas,
M_OGPL,am,market of other hydrocarbons,
M_HWAT,am,market of Steam and hot water,
M_WATR,am,market of Natural water,
M_Meat_beef,am,"market of Meat of cattle, fresh or chilled",
M_Beef_led,am,"market of meat of cattle boneless, fresh or chilled",
M_Beef_veal,am,"market of meat of cattle, boneless",
M_Meat_buff,am,"market of Meat of buffalo, fresh or chilled",
M_Meat_pig,am,"market of Meat of pigs, fresh or chilled",
M_Pork_led,am,"market of meat of pig boneless, fresh or chilled",
M_Pork_chilled,am,"market of meat of pig with the bone, fresh or chilled",
M_Meat_rabb,am,"market of Meat of rabbits and hares, fresh or chilled",
M_Meat_shee,am,"market of Meat of sheep, fresh or chilled",
M_Meat_goat,am,"market of Meat of goat, fresh or chilled",
M_Meat_ocAM,am,"market of Meat of camels and camelids, fresh or chilled",
M_Meat_hors,am,market of horse meat,
M_Meat_mule,am,market of meat of mules,
M_Meat_ass,am,market of meat of asses,
M_Meat_othe,am,market of meat of other domestic rodents,
M_Meat_game,am,market of game meat,
M_Meat_chic,am,"market of Meat of chickens, fresh or chilled",
M_Meat_duck,am,"market of Meat of ducks, fresh or chilled",
M_Meat_goos,am,"market of Meat of geese, fresh or chilled",
M_Meat_turk,am,"market of Meat of turkeys, fresh or chilled",
M_Offae_cow,am,"market of Edible offal of cattle, fresh, chilled or frozen",
M_Offas_buff,am,"market of Edible offal of buffalo, fresh, chilled or frozen",
M_Offae_pigs,am,"market of Edible offal of pigs, fresh, chilled or frozen",
M_Offae_shee,am,"market of Edible offal of sheep, fresh, chilled or frozen",
M_Offas_goat,am,"market of Edible offal of goat, fresh, chilled or frozen",
M_Offas_hors,am,market of offal of horses,
M_Offas_came,am,"market of offal of camels, edibles",
M_Fat_live,am,market of fatty liver preparations,
M_Offa_chick,am,market of offal and liver of chickens,
M_Offa_duck,am,market of offal and liver of ducks,
M_Offa_geese,am,market of offal and liver of geese,
M_Offa_turkey,am,market of offal and liver of turkey,
M_Pork_ham,am,"market of Pig meat, cuts, salted, dried or smoked (bacon and ham)",
M_Beef_smoked,am,"market of bovine meat, salted, dried or smoked",
M_Beef_ked,am,"market of beef and veal, dried, salted, smoked",
M_Meat_drie,am,"market of Other meat and edible meat offal, salted, in brine, dried or smoked; edible flours and meals of meat or meat offal",
M_Beef_ges,am,market of sausage of beef and veal,
M_Pork_ges,am,market of sausage of pork,
M_Pork_pig,am,market of sausage of other meat,
M_Meat_extr,am,"market of Extracts and juices of meat, fish, crustaceans, molluscs or other aquatic invertebrates",
M_Meat_prnes,am,market of Prepared dishes and meals based on meat,
M_Pork_ons,am,market of Pig Meat Preparations,
M_Meat_nes,am,"market of meat, prepared nes",
M_Beef_ons,am,market of beef and veal preparations nes,
M_Beef_nes,am,market of beef and veal preparations nes,
M_Live_prep,am,market of liver preparation,
M_FSHP,am,"market of Prepared and preserved fish, crustaceans, molluscs and other aquatic invertebrates",
M_Fruprep,am,market of Prepared fruit products.,
M_Potan,am,"market of Potatoes, frozen",
M_Sween,am,"market of sweet corn, frozen",
M_Juice_toma,am,market of Tomato juice,
M_Juice_vege,am,market of Other vegetable juices,
M_Mush_can,am,market of canned mushroom,
M_Mush_dry,am,market of dried mushroom,
M_Tomad,am,"market of tomato, peeled (o/t vinegar)",
M_Sweed,am,"market of sweet corn, prepared or preserved",
M_Tomae,am,market of paste of tomatoes,
M_Raiss,am,market of Raisins,
M_Plum,am,"market of Plums, dried",
M_Figsd,am,"market of Fruit, edible; figs, fresh or dried",
M_Apriy,am,"market of Fruit, edible; apricots, dried",
M_Frudry,am,"market of fruit, dried nes",
M_Grou_shld,am,"market of Groundnuts, shelled",
M_Almod,am,"market of Almonds, shelled",
M_Haze_shld,am,"market of Hazelnuts, shelled",
M_Cashd,am,"market of Cashew nuts, shelled",
M_Brazd,am,"market of brazil nut, shelled",
M_Walnd,am,"market of walnut, shelled",
M_Cocod,am,"market of coconut, desiccated",
M_Juice_oran_con,am,"market of orange juice, concentrated",
M_Juice_oran,am,market of juice of orange,
M_Juice_grapfrt,am,market of juice of grapefruit,
M_Juice_grapef,am,"market of grapefruit juice, concentrated",
M_Juice_pine,am,market of juice of pineapples,
M_Juice_pine_con,am,"market of juice of pineapples, concentrated",
M_Juice_grapes,am,market of Grape juice,
M_Juice_appl,am,market of apple juice,
M_Juice_appl_con,am,"market of apple juice, concentrated",
M_Juice_lemo_con,am,"market of lemon juice, concentrated",
M_Juice_lemo,am,market of juice of lemon,
M_Juice_mang,am,market of juice of mango,
M_Juice_frui,am,market of juice of fruits nes,
M_Juice_tang,am,"market of juice of tangerine, mandarin and clementin",
M_Pined,am,"market of pineapple, canned",
M_Peanr,am,market of peanut butter,
M_Grou_prep,am,"market of Nuts, groundnuts and other seeds, roasted, salted or otherwise prepared n.e.c.",
M_Nuts,am,"market of Other prepared and preserved fruits and nuts, n.e.c.",
M_Fat_nes,am,market of Animal fats,
M_Fat_pig,am,"market of Fats, of pig and poultry, unrendered",
M_Fat_cow,am,"market of Cattle fat, unrendered",
M_Fat_buff,am,"market of Buffalo fat, unrendered",
M_Fat_sheep,am,"market of Sheep fat, unrendered",
M_Fat_goat,am,"market of Goat fat, unrendered",
M_Fat_poul,am,market of fat of poultry,
M_Fat_othe,am,market of fat of other camelids,
M_Fat_cam,am,market of fat of camels,
M_Lard,am,market of lard,
M_Fat_poul_ren,am,"market of Poultry fat, rendered",
M_Tallw,am,market of Tallow,
M_Lardl,am,market of lard stearine and lard oil,
M_Oils_nes,am,market of animal oil and fats nes,
M_Oil_hydr,am,"market of Animal fats and their fractions, partly or wholly hydrogenated, inter-esterified, re-esterified or elaidinised, whether or not refined, but not further prepared",
M_Oil_soyb,am,market of Soya bean oil,
M_Oil_grou,am,market of Groundnut oil,
M_Oil_saff,am,market of oil of safflower seed,
M_Oil_sunf,am,market of oil of sunflower seed,
M_Oil_rape,am,market of oil of rapeseed or canola oil,
M_Oil_must,am,market of oil of mustard seed,
M_Oil_palm,am,market of Palm oil,
M_Oil_coco,am,market of Coconut oil,
M_Oil_olive,am,"market of Olive oil, crude",
M_Oil_olivres,am,market of Oil of olive residues,
M_Oil_cott,am,market of Cottonseed oil,
M_Oil_pal_ker,am,market of oil of palm kernel,
M_Oil_lins,am,market of oil of linseed,
M_Oil_maiz,am,market of oil of maize,
M_Oil_sesa,am,market of oil of sesame seed,
M_Oil_tung,am,market of oil of tung nuts,
M_Oil_hemp,am,market of oil of hempseed,
M_Oil_kapo,am,market of oil of kapok,
M_Oil_popp,am,market of oil of poppy seed,
M_Oil_rice,am,market of oil of rice bran,
M_palm,am,market of oil palm fruit,
M_vOil_nes,am,market of oil of vegetable origin nes,
M_cOil_beans,am,market of oil of castor beans,
M_Vegew,am,market of vegetable tallow,
M_Butts,am,market of butter of karite nuts,
M_Margd,am,market of liquid margarine,
M_Margt,am,market of margarine and shortening,
M_Cotton,am,market of Cotton linters,
M_Ckcopra,am,market of cake of copra,
M_Ckcotton,am,market of cake of cottonseed,
M_Ckgound,am,market of cake of groundnuts,
M_Ckkapok,am,market of cake of kapok,
M_Cklins,am,market of cake of linseed,
M_Ckmaize,am,market of cake of maize,
M_Ckmust,am,market of cake of mustard seed,
M_Ckpalm,am,market of cake of palm kernel,
M_Ckrapes,am,market of cake of rapeseed,
M_Ckriceb,am,market of cake of rice bran,
M_Cksaffl,am,market of cake of safflower seed,
M_Cksesam,am,market of cake of sesame seed,
M_Cksoyb,am,market of cake of soybeans,
M_Cksunf,am,market of cake of sunflower seed,
M_Fat_sub,am,market of Degras; residues resulting from the treatment of fatty substances or animal or vegetable waxes,
M_Creah,am,"market of Cream, fresh",
M_Wheyh,am,market of Whey,
M_Whey_con,am,"market of whey, condensed",
M_Milk_skim_buff,am,market of skim milk of buffalo,
M_Milk_skim_cow,am,market of skim milk of cows,
M_Milk_skim_she,am,market of skim sheep milk,
M_Milk_skim_dried,am,market of dry skim cow milk,
M_Whey_dry,am,market of dry whey,
M_Milk_dry,am,market of dry buttermilk,
M_Buttk,am,"market of buttermilk, curdled milk, acidified milk",
M_Yoght,am,market of yoghurt,
M_Butt_cow,am,market of butter of cow milk,
M_Ghee_cow,am,market of ghee from cow milk,
M_Butt_buff,am,market of butter of buffalo milk,
M_Ghee_buff,am,"market of ghee, from buffalo milk",
M_Butt_sheep,am,market of butter and ghee of sheep milk,
M_Butt_goat,am,market of butter of goat milk,
M_Chee_cow_sk,am,market of cheese from skimmed cow milk,
M_Chee_cow_wh,am,market of cheese from whole cow milk,
M_Wheye,am,market of whey cheese,
M_Chee_buff,am,"market of Cheese from milk of buffalo, fresh or processed",
M_Chee_sheep,am,"market of Cheese from milk of sheep, fresh or processed",
M_Chee_goat,am,"market of Cheese from milk of goats, fresh or processed",
M_Chee_proc,am,"market of Cheese, fresh or processed, n.e.c.",
M_Casen,am,market of Casein,
M_Milk_prod,am,market of Dairy products n.e.c.,
M_Flour_whea,am,market of Wheat and meslin flour,
M_Flour_rye,am,market of flour of rye,
M_Flour_sorg,am,market of flour of sorghum,
M_Flour_buck,am,market of flour of buckwheat,
M_Flour_foni,am,market of flour of fonio,
M_Flour_barl,am,market of barley flour and grit,
M_Flour_trit,am,market of flour of triticale,
M_Flour_mixe,am,market of flour of mixed grain,
M_Cer_brkf,am,market of Other cereal grain products (including corn flakes),
M_Rice_milhusk,am,"market of Rice, semi- or wholly milled, or husked",
M_Rice_mill,am,"market of rice, milled",
M_Rice_brok,am,"market of rice, broken",
M_Rice_husk,am,market of Husked rice,
M_Flour_frui,am,market of flour of fruits,
M_Flour_maiz,am,market of flour of maize,
M_Flour_mill,am,market of flour of millet,
M_Flour_must,am,market of flour of mustard seed,
M_Flour_pota,am,market of flour of potatoes,
M_Flour_puls,am,market of flour of pulses,
M_Flour_rice,am,market of flour of rice,
M_Flour_root,am,market of flour of roots and tubers nes,
M_Flour_cass,am,market of flour of cassava,
M_Mixes,am,market of Mixes and doughs for the preparation of bakers' wares,
M_Frucr,am,market of other fructose and syrup,
M_Lacte,am,market of lactose,
M_Isoge,am,market of isoglucose,
M_Sugarn,am,market of sugar and syrups nes,
M_Gluce,am,market of glucose and dextrose,
M_Gluten_mais,am,market of maize gluten,
M_Gluten_wht,am,market of wheat gluten,
M_Starch_cass,am,market of starch of cassava,
M_Starch_maiz,am,market of starch of maize,
M_Starch_pota,am,market of starch of potatoes,
M_Starch_rice,am,market of starch of rice,
M_Starch_whea,am,market of starch of wheat,
M_Tapia,am,market of tapioca of cassava,
M_Tapis,am,market of tapioca of potatoes,
M_feed_energy,am,market of Animal energy feed,
M_feed_protein,am,market of Anomal protein feed,
M_Wafes,am,market of wafers,
M_Pasty,am,market of Pastry goods and cakes,
M_Bread,am,market of Bread and other bakers' wares,
M_Sugar_nc,am,"market of sugar, non-centrifugal",
M_Sugar_rc,am,"market of sugar, raw centrifugal",
M_Molas,am,market of Molasses,
M_Coco_pas,am,"market of Cocoa paste, whether or not defatted",
M_Coco_but,am,"market of Cocoa butter, fat and oil",
M_Coco_pow,am,market of cocoa powder and cake,
M_Chocs,am,market of Chocolate Products nes,
M_Macai,am,"market of Uncooked pasta, not stuffed or otherwise prepared",
M_Coffe_roas,am,"market of Coffee, decaffeinated or roasted",
M_Coff_ext,am,market of coffee extract,
M_Coff_sub,am,market of coffee substitutes,
M_Chily,am,"market of Chillies and peppers, dry (capsicum spp., pimenta), processed",
M_Flour_nes,am,market of Other food products,
M_Soyate,am,market of soya paste,
M_Soyace,am,market of soya sauce,
M_Meat_homo,am,"market of Meat preparations; homogenised preparations of meat, meat offal blood or insects",
M_Vegeh,am,"market of Homogenised vegetables, prepared or preserved otherwise than by vinegar or acetic acid, not frozen",
M_Fruhom,am,"market of Jams, fruit jellies, marmalades, fruit or nut puree and fruit or nut pastes; homogenised, cooked preparations",
M_Soyard,am,market of soya curd,
M_Malt_ext,am,market of malt extract,
M_Bev_dstl,am,"market of beverage, distilled alcoholic",
M_Wine,am,market of Sparkling wine of fresh grapes,
M_Grapt,am,"market of Wine of fresh grapes,except sparkling wine",
M_Cider,am,"market of Cider, perry, mead and other fermented beverages, except wine of fresh grapes and beer made from malt",
M_Bev_ferm,am,market of rice-fermented beverage,
M_Beer_barl,am,market of beer of barley,
M_Beer_millet,am,market of beer of maize,
M_Beer_maiz,am,market of beer of millet,
M_Beer_sorg,am,market of beer of sorghum,
M_Maltt,am,"market of Malt, whether or not roasted",
M_bot_water,am,market of Soft drinks; bottled mineral waters,
M_TOBC,am,market of Tobacco products,
M_Silkw,am,market of Raw silk (not thrown),
M_FIBR,am,market of Plant-based fibers,
M_Jute,am,"market of Jute and other textile bast fibres (except flax, true hemp and ramie), processed but not spun; tow and waste of these fibres",
M_Bastr,am,"market of Yarn of vegetable textile fibres other than cotton (including flax, jute, coir and true hemp); paper yarn",
M_TEXT,am,market of Textile articles other than apparel,
M_GARM,am,market of Knitted or crocheted fabrics; wearing apparel,
M_LETH,am,market of Leather and leather products; footwear,
M_WOOD,am,"market of Products of wood, cork, straw and plaiting materials",
M_PULP,am,market of Pulps of wood or other fibrous cellulosic material,
M_PAPE,am,market of paper and paper product,
M_SHEET_PA,am,market of paper sheet,
M_SHEET_PAAL,am,"market of paper sheet, with aluminium foil",
M_SHEET_PAPL,am,market of mixed paper and plastic sheet,
M_CARDB,am,"market of Cartons, boxes, cases, record sleeves and other packing containers (except bags) of paper, paperboard, cellulose wadding or webs of cellulose fibres; box files, letter trays, and similar articles, of paper or paperboard of a kind used in offices, shops or the like",
M_MDIA,am,market of printed matter and recorded media,
M_COKE,am,"market of Coke and semi-coke of coal, of lignite or of peat; retort carbon",
M_COTA,am,"market of Tar distilled from coal, from lignite or from peat, and other mineral tars",
M_MGSL,am,market of Motor gasoline,
M_AGSL,am,market of Aviation gasoline,
M_BIOG,am,market of biogasoline,
M_GJET,am,market of Gasolene-type jet fuel,
M_NAPT,am,market of Naphtha,
M_KJET,am,market of Kerosene-type jet fuel,
M_KERO,am,market of Other kerosene,
M_WHSP,am,market of White spirit and special boiling point industrial spirits,
M_DOIL,am,market of Gas oil,
M_REFF,am,market of refinery feedstock,
M_FOIL,am,market of heavy fuel oil,
M_LUBR,am,market of Lubricants,
M_COOG,am,market of coke oven gas,
M_GCOK,am,market of gas coke,
M_LPGA,am,market of liquefied petroleum gas (lpg),
M_RGAS,am,market of refinery gas,
M_ETHA,am,market of ethane,
M_BITU,am,market of bitumen,
M_PETC,am,market of petroleum coke,
M_PARW,am,market of paraffin waxes,
M_NSPP,am,market of non-specified petroleum product,
M_NUCF,am,"market of Fuel elements (cartridges), for or of nuclear reactors",
M_CHEM,am,market of Chemicals,
M_Fat_ac,am,market of Industrial monocarboxylic fatty acids; acid oils from refining,
M_Alc_food,am,"market of Alcohols, phenols, phenol-alcohols, and their halogenated, sulphonated, nitrated or nitrosated derivatives; industrial fatty alcohols",
M_CHAR,am,market of Wood charcoal,
M_N_urea,am,market of Urea,
M_N_AmmSol,am,market of Ammonium sulphate,
M_N_AmmNit,am,market of Ammonium nitrate,
M_N_CaAmNit,am,market of Mixtures of ammonium nitrate with calcium carbonate or other inorganic non-fertilizing substances,
M_N_solution,am,market of Mixtures of urea and ammonium nitrate in aqueous or ammoniacal solution,
M_Nfer_BIOF,am,market of nitrogen nutrient from  biogasification of food,
M_Nfer_BIOP,am,market of nitrogen nutrient from biogasification of paper,
M_Nfer_BIOS,am,market of nitrogen nutrient from biogasification of sewage,
M_Nfer_MANC,am,market of nitrogen nutrient from biogasification of manure,
M_Pfert,am,"market of Mineral or chemical fertilizers, phosphatic",
M_PfertMANC,am,market of P fert from manure treat conventional,
M_PfertBIOF,am,market of P fert from BIOF,
M_PfertBIOP,am,market of P fert from BIOP,
M_PfertBIOS,am,market of P fert from BIOs,
M_PfertCOMF,am,market of P fert from COMF,
M_PfertCOMW,am,market of P fert from COMW,
M_Kfert,am,"market of Mineral or chemical fertilizers, potassic",
M_NP_fert,am,market of Fertilizers containing two nutrients: nitrogen and phosphorus,
M_PK_fert,am,market of Fertilizers containing two nutrients: phosphorus and potassium,
M_NK_fert,am,market of other nk compound,
M_NPK,am,market of npk fertilizer,
M_MANC,am,market of manure (conventional treatment),
M_Pfert_BIOF,am,market of Phosphatic fertilizers from biogasification of food,
M_Pfert_BIOP,am,market of Phosphatic fertilizers from biogasification of paper,
M_Pfert_BIOS,am,market of Phosphatic fertilizers from biogasification of sewage,
M_Pfert_MANC,am,market of Phosphatic fertilizers from biogasification of manure,
M_PLAS,am,market of Plastics in primary forms,
M_ADDC,am,"market of Lubricating preparations and preparations of a kind used for the oil or grease treatment of materials, except of petroleum; prepared additives for mineral oils; prepared liquids for hydraulic transmission, except of petroleum; anti-freezing preparations and prepared de-icing fluids",
M_BIOD,am,market of Biodiesel,
M_OBIO,am,market of other liquid biofuel,
M_RUBP,am,market of Rubber and plastics products,
M_SHEET_PAPLAL,am,"market of mixed paper, plastic and aluminium sheet",
M_TETRA_PPA,am,"market of tetrabrik (paper, plastic and aluminium)",
M_TETRA_PP,am,market of tetrabrik (paper and plastic),
M_BAG_PLA,am,market of plastic bags,
M_PACK_OPLA,am,market of other plastic packaging,
M_TRAY_PET,am,market of PET tray in cardboard sleeve,
M_BOTL_PLA,am,market of other plastic bottle,
M_BOTL_PET,am,market of PET bottlle,
M_SHEET_PLAL,am,market of mixed plastic and aluminium sheet,
M_FOIL_PLA,am,market of plastic foil,
M_GLAS,am,market of Glass and glass products,
M_CONTAI_GLS,am,"market of small container, glass",
M_JAR_GLS,am,"market of small jar, glass",
M_BOTL_GLM,am,"market of bottle 0.75l, glass",
M_BOTL_GLS,am,"market of bottle 0.33l, glass",
M_CRMC,am,market of Non-structural ceramic ware,
M_CMNT,am,"market of Plaster, lime and cement",
M_BRIK,am,"market of Tiles, flagstones, bricks and similar articles, of cement, concrete or artificial stone",
M_ONMM,am,market of Other non-metallic mineral products n.e.c.,
M_FURN,am,market of Furniture; other transportable goods n.e.c.,
M_Bran_bar,am,market of bran of barley,
M_Bran_buc,am,market of bran of buckwheat,
M_Bran_cer,am,market of bran of cereals nes,
M_Bran_fon,am,market of bran of fonio,
M_Bran_mai,am,market of bran of maize,
M_Bran_mil,am,market of bran of millet,
M_Bran_mix,am,market of bran of mixed grain,
M_Bran_oat,am,market of bran of oats,
M_Bran_pul,am,market of bran of pulses,
M_Bran_ric,am,market of bran of rice,
M_Bran_rye,am,market of bran of rye,
M_Bran_sor,am,market of bran of sorghum,
M_Bran_tri,am,market of bran of triticale,
M_Bran_whe,am,market of bran of wheat,
M_feed_beer,am,market of Animal feed; by-product from beer production,
M_feed_dist,am,market of Animal feed; by-product from distilled beverage production,
M_feed_wine,am,market of Animal feed; by-product from wine production,
M_Gluten_rice,am,"market of rice, gluten",
M_Feedn,am,market of gluten feed and meal,
M_Mangp,am,market of mango pulp,
M_Coco_husk,am,"market of Cocoa shells, husks, skins and other cocoa waste; coffee husks and skins",
M_RYMS,am,market of secondary raw material,
M_STEL,am,market of Basic iron and steel,
M_PREM,am,market of Basic precious metals and metals clad with precious metals,
M_LZTO,am,"market of Lead, zinc and tin, unwrought",
M_COPP,am,market of Semi-finished products of copper or copper alloys,
M_ALUM,am,market of Semi-finished products of aluminium or aluminium alloys,
M_FOIL_AL,am,market of aluminium foil,
M_LZTP,am,"market of Semi-finished products of lead, zinc and tin or their alloys",
M_ONFM,am,market of Other non-ferrous metals and articles thereof (including waste and scrap of some metals); cermets and articles thereof,
M_FABM,am,"market of Fabricated metal products, except machinery and equipment",
M_CAN_STEL,am,"market of steel can, food",
M_CAN_ALF,am,"market of aluminium can, food",
M_CAN_ALD,am,"market of aluminium can, drink",
M_MACH,am,market of Machinery and equipment n.e.c. (29),
M_OFMA,am,"market of Office, accounting and computing machinery",
M_ELMA,am,market of Electrical machinery and apparatus,
M_RATV,am,"market of Radio, television and communication equipment and apparatus",
M_MEIN,am,"market of Medical appliances, precision and optical instruments, watches and clocks",
M_ELEC,am,market of electricity,
M_truck,am,market of Road tractors for semi-trailers,
M_bus,am,market of Public-transport type passenger motor vehicles,
M_auto,am,"market of Motor cars and other motor vehicles principally designed for the transport of persons (except public-transport type vehicles, vehicles specially designed for travelling on snow, and golf cars and similar vehicles)",
M_MOTO,am,market of Motor vehicles n.e.c. for the transport of goods,
M_OTRE,am,market of Other transport equipment and parts thereof,
M_CONS,am,market of Constructions,
M_METC,am,market of Construction services,
M_TDWH,am,market of Wholesale trade services,
M_TDRT,am,market of Retail trade services,
M_TDFU,am,"market of Non-specialized store retail trade services, of solid, liquid and gaseous fuels and related products",
M_MARE,am,"market of Retail trade services on a fee or contract basis, of office machinery and equipment including office furniture",
M_HORE,am,"market of Accommodation, food and beverage services",
M_TLND,am,market of operating of other land transportation services,
M_TWAI,am,market of inland water transportation service,
M_TWAS,am,market of sea and coastal water transportation service,
M_TRAI,am,market of railway transportation service,
M_TPIP,am,market of Transport services via pipeline,
M_TAIR,am,market of air transport service,
M_TAUX,am,market of supporting and auxiliary transport service; travel agency service,
M_PTEL,am,market of Postal and courier services,
M_GASD,am,market of Gas distribution through mains (on own account),
M_FINT,am,"market of Financial services, except investment banking, insurance services and pension services",
M_FINS,am,"market of Insurance and pension services (excluding reinsurance services), except compulsory social security services",
M_FAUX,am,market of Services auxiliary to financial services other than to insurance and pensions,
M_REAL,am,market of Real estate services,
M_RESD,am,market of Research and development services,
M_OBUS,am,"market of Other professional, technical and business services",
M_COMP,am,"market of Telecommunications, broadcasting and information supply services",
M_POWT,am,market of Electricity transmission services (on a fee or contract basis),
M_POWD,am,market of Electricity distribution services (on a fee or contract basis),
M_TDMO,am,market of Maintenance and repair of transport machinery and equipment,
M_PADF,am,market of Public administration and other services provided to the community as a whole; compulsory social security services,
M_EDUC,am,market of Education services,
M_HEAL,am,market of Human health and social care services,
M_GLAS_reuse,am,market of collecting glass bottles,
M_ORGA,am,market of Services of membership organizations,
M_RECR,am,"market of Recreational, cultural and sporting services",
M_OSER,am,market of Other services,
M_SE_wwater,am,market of sewage waste water,
M_AL_INCI,am,"market of treating aluminium waste, incineration with energy recovery",
M_AL_LAND,am,"market of treating aluminium waste, landfill ",
M_ALUW,am,"market of treating aluminium waste, recycling",
M_AS_LAND,am,"market of treating ash, landfil",
M_ASHW,am,"market of treating ash, recycling",
M_BA_INCI,am,"market of treating batteries and accumulators waste, incineration with energy recovery",
M_BA_INCI_no_recov,am,"market of treating batteries and accumulators waste, incineration",
M_BA_LAND,am,"market of treating batteries and accumulators waste, landfill",
M_BA_RECY,am,"market of treating batteries and accumulators waste, recycling",
M_BIOF,am,"market of treating food waste, biogasification and land application",
M_BIOP,am,"market of treating paper waste, biogasification and land application",
M_BIOS,am,"market of treating sewage sludge, biogasification and land application",
M_CO_INCI,am,"market of treating construction waste, incineration with energy recovery",
M_CO_INCI_no_recov,am,"market of treating construction waste, incineration",
M_CO_LAND,am,"market of treating construction waste, landfill",
M_CO_OTHE,am,"market of treating construction waste, other disposal",
M_CONW,am,"market of treating construction waste, recycling",
M_COPW,am,"market of treating copper waste, recycling",
M_CU_INCI,am,"market of treating copper waste, incineration with energy recovery",
M_CU_LAND,am,"market of treating copper waste, landfill",
M_DE_INCI,am,"market of treating discarded equipment, incineration with energy recovery",
M_DE_INCI_no_recov,am,"market of treating discarded equipment, incineration",
M_DE_LAND,am,"market of treating discarded equipment, landfill",
M_DE_OTHE,am,"market of treating discarded equipment, other disposal",
M_DE_RECY,am,"market of treating discarded equipment, recycling",
M_DV_INCI,am,"market of treating discarded vehicle, incineration with energy recovery",
M_DV_LAND,am,"market of treating discarded vehicle, landfill",
M_DV_RECY,am,"market of treating discarded vehicle, recycling",
M_FO_OTHE,am,"market of treating food waste, other disposal",
M_FO_RECY,am,"market of treating food waste, recycling",
M_FOOD_w_water,am,"market of treating food waste, waste water treatment",
M_GL_INCI,am,"market of treating glass waste, incineration with energy recovery",
M_GL_INCI_no_recov,am,"market of treating glass waste, incineration",
M_GL_LAND,am,"market of treating glass waste, landfill",
M_GLAW,am,"market of treating glass waste, recycling",
M_HA_INCI,am,"market of treating hazardous waste, incineration with energy recovery",
M_HA_INCI_no_recov,am,"market of treating hazardous waste, incineration",
M_HA_LAND,am,"market of treating hazardous waste, landfill",
M_HA_OTHE,am,"market of treating hazardous waste, other disposal",
M_HA_RECY,am,"market of treating hazardous waste, recycling",
M_INCF,am,"market of treating food waste, incineration with energy recovery",
M_INCF_no_recov,am,"market of treating food waste, incineration",
M_INCL,am,"market of treating plastic and rubber waste, incineration with energy recovery",
M_INCL_no_recov,am,"market of treating plastic and rubber waste, incineration",
M_INCP,am,"market of treating paper waste, incineration with energy recovery",
M_INCP_no_recov,am,"market of treating paper waste, incineration",
M_INCW,am,"market of treating wood waste, incineration with energy recovery",
M_INCW_no_recovery,am,"market of treating wood waste, incineration",
M_LANF,am,"market of treating food waste, landfill",
M_LANL,am,"market of treating plastic and rubber waste, landfill",
M_LANP,am,"market of treating paper waste, landfill",
M_LANW,am,"market of treating wood waste, landfill",
M_LZT_INCI,am,"market of treating lead, zinc and tin waste, incineration with energy recovery",
M_LZT_LAND,am,"market of treating lead, zinc and tin waste, landfill",
M_LZTW,am,"market of treating lead, zinc and tin waste, recycling",
M_MA_INCI,am,"market of treating manure, incineration with energy recovery",
M_MA_INCI_no_recov,am,"market of treating manure, incineration",
M_MA_LAND,am,"market of treating manure, landfill",
M_MA_OTHE,am,"market of treating manure, other disposal",
M_MA_RECY,am,"market of treating manure, recycling",
M_MM_INCI,am,"market of treating mix metals waste, incineration with energy recovery",
M_MM_INCI_no_recov,am,"market of treating mix metals waste, incineration",
M_MM_LAND,am,"market of treating mix metals waste, landfill",
M_MM_OTHE,am,"market of treating mix metals waste, other disposal",
M_MM_RECY,am,"market of treating mix metals waste, recycling",
M_MNF_INCI,am,"market of treating mix non-ferrous metal waste, incineration with energy recovery",
M_MNF_INCI_no_recov,am,"market of treating mix non-ferrous metal waste, incineration",
M_MNF_LAND,am,"market of treating mix non-ferrous metal waste, landfill",
M_MNF_OTHE,am,"market of treating mix non-ferrous metal waste, other disposal",
M_MNF_RECY,am,"market of treating mix non-ferrous metal waste, recycling",
M_ONF_INCI,am,"market of treating other non-ferrous metal waste, incineration with energy recovery",
M_ONF_LAND,am,"market of treating other non-ferrous metal waste, landfill",
M_ONFW,am,"market of treating other non-ferrous metal waste, incineration with energy recovery, recycling",
M_PA_OTHE,am,"market of treating paper, other disposal",
M_PAPR,am,"market of treating paper waste, recycling",
M_PL_OTHE,am,"market of treating plastic and rubber waste, other disposal",
M_PLAW,am,"market of treating plastic and rubber waste, recycling",
M_PM_INCI,am,"market of treating precious metal waste, incineration with energy recovery",
M_PM_LAND,am,"market of treating precious metal waste, landfill",
M_PREW,am,"market of treating precious metal waste, recycling",
M_SE_INCI,am,"market of treating sewage, incineration with energy recovery",
M_SE_INCI_no_recov,am,"market of treating sewage, incineration",
M_SE_LAND,am,"market of treating sewage, landfill",
M_SE_OTHE,am,"market of treating sewage, other disposal",
M_SE_RECY,am,"market of treating sewage, recycling",
M_SE_biog,am,"market of treating sewage, biogasification and land application",
M_ST_INCI,am,"market of treating steel waste, incineration with energy recovery",
M_ST_INCI_no_recov,am,"market of treating steel waste, incineration",
M_ST_LAND,am,"market of treating steel waste, landfill",
M_ST_OTHE,am,"market of treating steel waste, other disposal",
M_STEW,am,"market of treating steel waste, recycling",
M_TE_INCI,am,"market of treating textile waste, incineration with energy recovery",
M_TE_INCI_no_recov,am,"market of treating textile waste, incineration",
M_TE_LAND,am,"market of treating textile waste, landfill",
M_TE_RECY,am,"market of treating textile waste, recycling",
M_UN_INCI,am,"market of treating unsorted waste, incineration with energy recovery",
M_UN_INCI_no_recov,am,"market of treating unsorted waste, incineration",
M_UN_LAND,am,"market of treating unsorted waste, landfill",
M_UN_OTHE,am,"market of treating unsorted waste, other disposal",
M_UN_RECY,am,"market of treating unsorted waste, recycling",
M_WO_OTHE,am,"market of treating wood waste, other disposal",
M_WOOW,am,"market of treating wood waste, recycling",
M_EXTO,am,market of Extra-territorial services,
M_PRHH,am,market of private households with employed persons,
aa_comp,,combustion activity,
EF_AGSL,aa_comp,"aviation gasoline, combustion of",
EF_ANTH,aa_comp,"anthracite, combustion of",
EF_BIOD,aa_comp,"biodiesels, combustion of",
EF_BIOG,aa_comp,"biogasoline, combustion of",
EF_BITU,aa_comp,"bitumen, combustion of",
EF_BKBP,aa_comp,"brown coal/peat briquettes, combustion of",
EF_CHAR,aa_comp,"charcoal, combustion of",
EF_COIL,aa_comp,"crude petroleum and services related to crude oil extraction, excluding surveying, combustion of",
EF_COKC,aa_comp,"coking coal, combustion of",
EF_COKE,aa_comp,"coke oven coke, combustion of",
EF_COOG,aa_comp,"coke oven gas, combustion of",
EF_COTA,aa_comp,"coal tar, combustion of",
EF_DOIL,aa_comp,"gas/diesel oil, combustion of",
EF_ETHA,aa_comp,"ethane, combustion of",
EF_FOIL,aa_comp,"heavy fuel oil, combustion of",
EF_FORE,aa_comp,"products of forestry, logging and related services (02), combustion of",
EF_GASE,aa_comp,"natural gas and services related to natural gas extraction, excluding surveying, combustion of",
EF_GASL,aa_comp,"natural gas liquids, combustion of",
EF_GCOK,aa_comp,"gas coke, combustion of",
EF_GJET,aa_comp,"gasoline type jet fuel, combustion of",
EF_KERO,aa_comp,"kerosene, combustion of",
EF_KJET,aa_comp,"kerosene type jet fuel, combustion of",
EF_LIBC,aa_comp,"lignite/brown coal, combustion of",
EF_LPGA,aa_comp,"liquefied petroleum gases (lpg), combustion of",
EF_LUBR,aa_comp,"lubricants, combustion of",
EF_MBFG,aa_comp,"blast furnace gas, combustion of",
EF_MBIO,aa_comp,"biogas, combustion of",
EF_MGSL,aa_comp,"motor gasoline, combustion of",
EF_MGWG,aa_comp,"gas works gas, combustion of",
EF_MOSG,aa_comp,"oxygen steel furnace gas, combustion of",
EF_NAPT,aa_comp,"naphtha, combustion of",
EF_NSPP,aa_comp,"non-specified petroleum products, combustion of",
EF_OTBC,aa_comp,"other bituminous coal, combustion of",
EF_PARW,aa_comp,"paraffin waxes, combustion of",
EF_PATF,aa_comp,"patent fuel, combustion of",
EF_PEAT,aa_comp,"peat, combustion of",
EF_PETC,aa_comp,"petroleum coke, combustion of",
EF_RGAS,aa_comp,"refinery gas, combustion of",
EF_SUBC,aa_comp,"sub-bituminous coal, combustion of",
EF_WHSP,aa_comp,"white spirit & sbp, combustion of",
EF_WOOD,aa_comp,"wood, combustion of",
aa_land,,land transformation activity,
grassland_to_pasture,aa_land,"land transformation, grassland to pasture",
intensification_of_cropland,aa_land,"land transformation, intensification of cropland",
intensification_of_pasture,aa_land,"land transformation, intensification of pasture",
primary_forest_to_managed_forest,aa_land,"land transformation, primary forest to managed forest",
secondary_forest_to_crop,aa_land,"land transformation, secondary forest to crop",
secondary_forest_to_managed_forest,aa_land,"land transformation, secondary forest to managed forest",
oa_mix,,production mix activities,
A_Nat_Fish,oa_mix,generation of domestic mix of fish,
A_Nat_Elec,oa_mix,generation of domestic electricity mix,
A_Nat_Heat,oa_mix,generation of domestic mix of heat,
oa_cons,,Final consumption expenditure,
F_GOVE,oa_cons,General government final consumption expenditure,
F_HOUS,oa_cons,Households final consumption expenditure,
F_NPSH,oa_cons,NPISHs final consumption expenditure,
ast,,Gross capital formation,
I_GFCF,ast,Gross fixed capital formation,
I_CHIN,ast,Changes in inventories,
I_CHVA,ast,Acquisitions less disposals of valuables,
ahp,,"household production, total",
A_PRHH,ahp,operating of private households with employed persons,
